ORF,Name,Allele,Strain_ID,Plate,Row,Column
YOR202W,HIS3,,dma1,1,1,1
YOR202W,HIS3,,dma1,1,1,2
YOR202W,HIS3,,dma1,1,1,3
YOR202W,HIS3,,dma1,1,1,4
YOR202W,HIS3,,dma1,1,1,5
YOR202W,HIS3,,dma1,1,1,6
YOR202W,HIS3,,dma1,1,1,7
YOR202W,HIS3,,dma1,1,1,8
YOR202W,HIS3,,dma1,1,1,9
YOR202W,HIS3,,dma1,1,1,10
YOR202W,HIS3,,dma1,1,1,11
YOR202W,HIS3,,dma1,1,1,12
YOR202W,HIS3,,dma1,1,1,13
YOR202W,HIS3,,dma1,1,1,14
YOR202W,HIS3,,dma1,1,1,15
YOR202W,HIS3,,dma1,1,1,16
YOR202W,HIS3,,dma1,1,1,17
YOR202W,HIS3,,dma1,1,1,18
YOR202W,HIS3,,dma1,1,1,19
YOR202W,HIS3,,dma1,1,1,20
YOR202W,HIS3,,dma1,1,1,21
YOR202W,HIS3,,dma1,1,1,22
YOR202W,HIS3,,dma1,1,1,23
YOR202W,HIS3,,dma1,1,1,24
YOR202W,HIS3,,dma1,1,2,1
YBR030W,RKM3,,dma193,1,2,2
YBR138C,,,dma290,1,2,3
YBR028C,YPK3,,dma194,1,2,4
YBR137W,,,dma291,1,2,5
YBR027C,,,dma195,1,2,6
YBR134W,,,dma292,1,2,7
YBR026C,ETR1,,dma196,1,2,8
YBR132C,AGP2,,dma293,1,2,9
YBR025C,OLA1,,dma197,1,2,10
YBR131W,CCZ1,,dma294,1,2,11
YBR024W,SCO2,,dma198,1,2,12
YBR130C,SHE3,,dma295,1,2,13
YBR023C,CHS3,,dma199,1,2,14
YBR129C,OPY1,,dma296,1,2,15
YBR022W,POA1,,dma200,1,2,16
YBR128C,ATG14,,dma297,1,2,17
YBR020W,GAL1,,dma201,1,2,18
YBR126C,TPS1,tps1-supp1,dma298,1,2,19
YBR019C,GAL10,,dma202,1,2,20
YBR125C,PTC4,,dma299,1,2,21
YBR018C,GAL7,,dma203,1,2,22
YBR122C,MRPL36,,dma300,1,2,23
YOR202W,HIS3,,dma1,1,2,24
YOR202W,HIS3,,dma1,1,3,1
YAL017W,PSK1,,dma13,1,3,2
YBL032W,HEK2,,dma110,1,3,3
YAL015C,NTG1,,dma14,1,3,4
YBL031W,SHE1,,dma111,1,3,5
YAL014C,SYN8,,dma15,1,3,6
YBL029W,,,dma112,1,3,7
YAL013W,DEP1,,dma16,1,3,8
YBL028C,,,dma113,1,3,9
YAL011W,SWC3,,dma17,1,3,10
YBL027W,RPL19B,,dma114,1,3,11
YAL010C,MDM10,,dma18,1,3,12
YBL025W,RRN10,,dma115,1,3,13
YAL008W,FUN14,,dma19,1,3,14
YBL024W,NCL1,,dma116,1,3,15
YAL007C,ERP2,,dma20,1,3,16
YBL021C,HAP3,,dma117,1,3,17
YAL005C,SSA1,,dma21,1,3,18
YBL019W,APN2,,dma118,1,3,19
YAL004W,,,dma22,1,3,20
YBL017C,PEP1,,dma119,1,3,21
YAL002W,VPS8,,dma23,1,3,22
YBL016W,FUS3,,dma120,1,3,23
YOR202W,HIS3,,dma1,1,3,24
YOR202W,HIS3,,dma1,1,4,1
YBR045C,GIP1,,dma205,1,4,2
YBR156C,SLI15,,dma302,1,4,3
YBR044C,TCM62,,dma206,1,4,4
YBR151W,APD1,,dma303,1,4,5
YBR043C,QDR3,,dma207,1,4,6
YBR150C,TBS1,,dma304,1,4,7
YBR042C,CST26,,dma208,1,4,8
YBR149W,ARA1,,dma305,1,4,9
YBR041W,FAT1,,dma209,1,4,10
YBR148W,YSW1,,dma306,1,4,11
YBR040W,FIG1,,dma210,1,4,12
YBR147W,RTC2,,dma307,1,4,13
YBR036C,CSG2,,dma211,1,4,14
YBR146W,MRPS9,,dma308,1,4,15
YBR034C,HMT1,,dma212,1,4,16
YBR145W,ADH5,,dma309,1,4,17
YBR033W,EDS1,,dma213,1,4,18
YBR144C,,,dma310,1,4,19
YBR032W,,,dma214,1,4,20
YBR141C,BMT2,,dma311,1,4,21
YBR031W,RPL4A,,dma215,1,4,22
YBR139W,,,dma312,1,4,23
YOR202W,HIS3,,dma1,1,4,24
YOR202W,HIS3,,dma1,1,5,1
YAL031C,GIP4,,dma25,1,5,2
YBL052C,SAS3,,dma122,1,5,3
YAL030W,SNC1,,dma26,1,5,4
YBL051C,PIN4,,dma123,1,5,5
YAL029C,MYO4,,dma27,1,5,6
YBL049W,MOH1,,dma124,1,5,7
YAL028W,FRT2,,dma28,1,5,8
YBL048W,RRT1,,dma125,1,5,9
YAL027W,SAW1,,dma29,1,5,10
YBL047C,EDE1,,dma126,1,5,11
YAL026C,DRS2,drs2-supp1,dma30,1,5,12
YBL046W,PSY4,,dma127,1,5,13
YAL023C,PMT2,,dma31,1,5,14
YBL043W,ECM13,,dma128,1,5,15
YAL022C,FUN26,,dma32,1,5,16
YBL042C,FUI1,,dma129,1,5,17
YAL020C,ATS1,,dma33,1,5,18
YBL039C,URA7,,dma130,1,5,19
YAL019W,FUN30,,dma34,1,5,20
YBL037W,APL3,,dma131,1,5,21
YAL018C,LDS1,,dma35,1,5,22
YBL036C,,,dma132,1,5,23
YOR202W,HIS3,,dma1,1,5,24
YOR202W,HIS3,,dma1,1,6,1
YBR058C,UBP14,,dma217,1,6,2
YBR169C,SSE2,,dma314,1,6,3
YBR057C,MUM2,,dma218,1,6,4
YBR168W,PEX32,pex32-supp1,dma315,1,6,5
YBR056W,,,dma219,1,6,6
YBR166C,TYR1,,dma316,1,6,7
YBR054W,YRO2,,dma220,1,6,8
YBR165W,UBS1,,dma317,1,6,9
YBR053C,,,dma221,1,6,10
YBR164C,ARL1,,dma318,1,6,11
YBR052C,RFS1,,dma222,1,6,12
YBR162W-A,YSY6,,dma319,1,6,13
YBR051W,,,dma223,1,6,14
YBR162C,TOS1,,dma320,1,6,15
YBR050C,REG2,,dma224,1,6,16
YBR161W,CSH1,,dma321,1,6,17
YBR048W,RPS11B,,dma225,1,6,18
YBR159W,IFA38,,dma322,1,6,19
YBR047W,FMP23,,dma226,1,6,20
YBR158W,AMN1,,dma323,1,6,21
YBR046C,ZTA1,,dma227,1,6,22
YBR157C,ICS2,,dma324,1,6,23
YOR202W,HIS3,,dma1,1,6,24
YOR202W,HIS3,,dma1,1,7,1
YAL054C,ACS1,,dma37,1,7,2
YBL064C,PRX1,,dma134,1,7,3
YAL053W,FLC2,,dma38,1,7,4
YBL063W,KIP1,,dma135,1,7,5
YAL051W,OAF1,,dma39,1,7,6
YBL062W,,,dma136,1,7,7
YAL049C,AIM2,,dma40,1,7,8
YBL061C,SKT5,,dma137,1,7,9
YAL045C,,,dma41,1,7,10
YBL060W,YEL1,,dma138,1,7,11
YAL042C-A,,,dma42,1,7,12
YBL059W,,,dma139,1,7,13
YAL042W,ERV46,,dma43,1,7,14
YBL057C,PTH2,,dma140,1,7,15
YAL040C,CLN3,,dma44,1,7,16
YBL056W,PTC3,,dma141,1,7,17
YAL037W,,,dma45,1,7,18
YBL055C,,,dma142,1,7,19
YAL036C,RBG1,,dma46,1,7,20
YBL054W,TOD6,,dma143,1,7,21
YAL034C,FUN19,,dma47,1,7,22
YBL053W,,,dma144,1,7,23
YOR202W,HIS3,,dma1,1,7,24
YOR202W,HIS3,,dma1,1,8,1
YBR071W,,,dma229,1,8,2
YBR182C,SMP1,,dma326,1,8,3
YBR069C,TAT1,,dma230,1,8,4
YBR181C,RPS6B,,dma327,1,8,5
YBR068C,BAP2,,dma231,1,8,6
YBR180W,DTR1,,dma328,1,8,7
YBR067C,TIP1,,dma232,1,8,8
YBR178W,,,dma329,1,8,9
YBR066C,NRG2,,dma233,1,8,10
YBR177C,EHT1,,dma330,1,8,11
YBR065C,ECM2,,dma234,1,8,12
YBR176W,ECM31,,dma331,1,8,13
YBR064W,,,dma235,1,8,14
YBR175W,SWD3,,dma332,1,8,15
YBR063C,,,dma236,1,8,16
YBR174C,,,dma333,1,8,17
YBR062C,,,dma237,1,8,18
YBR172C,SMY2,,dma334,1,8,19
YBR061C,TRM7,,dma238,1,8,20
YBR171W,SEC66,,dma335,1,8,21
YBR059C,AKL1,,dma239,1,8,22
YBR170C,NPL4,,dma336,1,8,23
YOR202W,HIS3,,dma1,1,8,24
YOR202W,HIS3,,dma1,1,9,1
YAL066W,,,dma49,1,9,2
YBL079W,NUP170,nup170-supp1,dma146,1,9,3
YAL065C,,,dma50,1,9,4
YBL078C,ATG8,,dma147,1,9,5
YAL064C-A,TDA8,,dma51,1,9,6
YBL075C,SSA3,,dma148,1,9,7
YAL062W,GDH3,,dma52,1,9,8
YBL072C,RPS8A,,dma149,1,9,9
YAL061W,BDH2,,dma53,1,9,10
YBL071C,,,dma150,1,9,11
YAL060W,BDH1,,dma54,1,9,12
YBL070C,,,dma151,1,9,13
YAL059W,ECM1,,dma55,1,9,14
YBL069W,AST1,,dma152,1,9,15
YAL058W,CNE1,,dma56,1,9,16
YBL068W,PRS4,,dma153,1,9,17
YAL056C-A,,,dma57,1,9,18
YBL067C,UBP13,,dma154,1,9,19
YAL056W,GPB2,,dma58,1,9,20
YBL066C,SEF1,,dma155,1,9,21
YAL055W,PEX22,,dma59,1,9,22
YBL065W,,,dma156,1,9,23
YOR202W,HIS3,,dma1,1,9,24
YOR202W,HIS3,,dma1,1,10,1
YBR090C,,,dma241,1,10,2
YBR199W,KTR4,,dma338,1,10,3
YBR084W,MIS1,,dma242,1,10,4
YBR197C,,,dma339,1,10,5
YBR084C-A,RPL19A,,dma243,1,10,6
YBR195C,MSI1,,dma340,1,10,7
YBR083W,TEC1,,dma244,1,10,8
YBR194W,AIM4,,dma341,1,10,9
YBR082C,UBC4,,dma245,1,10,10
YBR189W,RPS9B,,dma342,1,10,11
YBR077C,SLM4,,dma246,1,10,12
YBR188C,NTC20,,dma343,1,10,13
YBR076W,ECM8,,dma247,1,10,14
YBR187W,GDT1,,dma344,1,10,15
YBR075W,,,dma248,1,10,16
YBR186W,PCH2,,dma345,1,10,17
YBR074W,PFF1,,dma249,1,10,18
YBR185C,MBA1,,dma346,1,10,19
YBR073W,RDH54,,dma250,1,10,20
YBR184W,,,dma347,1,10,21
YBR072W,HSP26,,dma251,1,10,22
YBR183W,YPC1,,dma348,1,10,23
YOR202W,HIS3,,dma1,1,10,24
YOR202W,HIS3,,dma1,1,11,1
YAR027W,UIP3,,dma61,1,11,2
YBL094C,,,dma158,1,11,3
YAR023C,,,dma62,1,11,4
YBL091C-A,SCS22,,dma159,1,11,5
YAR020C,PAU7,,dma63,1,11,6
YBL091C,MAP2,,dma160,1,11,7
YAR018C,KIN3,,dma64,1,11,8
YBL089W,AVT5,,dma161,1,11,9
YAR015W,ADE1,,dma65,1,11,10
YBL088C,TEL1,,dma162,1,11,11
YAR014C,BUD14,,dma66,1,11,12
YBL087C,RPL23A,,dma163,1,11,13
YAR003W,SWD1,,dma67,1,11,14
YBL086C,,,dma164,1,11,15
YAR002W,NUP60,,dma68,1,11,16
YBL085W,BOI1,,dma165,1,11,17
YAR002C-A,ERP1,,dma69,1,11,18
YBL083C,,,dma166,1,11,19
YAL068C,PAU8,,dma70,1,11,20
YBL082C,ALG3,,dma167,1,11,21
YAL067C,SEO1,,dma71,1,11,22
YBL081W,,,dma168,1,11,23
YOR202W,HIS3,,dma1,1,11,24
YOR202W,HIS3,,dma1,1,12,1
YBR104W,YMC2,,dma253,1,12,2
YBR212W,NGR1,,dma350,1,12,3
YBR103W,SIF2,,dma254,1,12,4
YBR210W,ERV15,,dma351,1,12,5
YBR101C,FES1,,dma255,1,12,6
YBR209W,,,dma352,1,12,7
YBR100W,,,dma256,1,12,8
YBR208C,"DUR1,2",,dma353,1,12,9
YBR099C,,,dma257,1,12,10
YBR207W,FTH1,,dma354,1,12,11
YBR098W,MMS4,,dma258,1,12,12
YBR206W,,,dma355,1,12,13
YBR095C,RXT2,,dma259,1,12,14
YBR205W,KTR3,,dma356,1,12,15
YBR094W,PBY1,,dma260,1,12,16
YBR204C,LDH1,,dma357,1,12,17
YBR093C,PHO5,,dma261,1,12,18
YBR203W,COS111,,dma358,1,12,19
YBR092C,PHO3,,dma262,1,12,20
YBR201W,DER1,,dma359,1,12,21
YBR089C-A,NHP6B,,dma263,1,12,22
YBR200W,BEM1,,dma360,1,12,23
YOR202W,HIS3,,dma1,1,12,24
YOR202W,HIS3,,dma1,1,13,1
YAR047C,,,dma73,1,13,2
YBR001C,NTH2,,dma170,1,13,3
YAR044W,,,dma74,1,13,4
YBL107C,MIX23,,dma171,1,13,5
YAR043C,,,dma75,1,13,6
YBL106C,SRO77,,dma172,1,13,7
YAR042W,SWH1,,dma76,1,13,8
YBL104C,SEA4,,dma173,1,13,9
YAR040C,,,dma77,1,13,10
YBL103C,RTG3,,dma174,1,13,11
YAR037W,,,dma78,1,13,12
YBL102W,SFT2,,dma175,1,13,13
YAR035W,YAT1,,dma79,1,13,14
YBL101C,ECM21,,dma176,1,13,15
YAR031W,PRM9,,dma80,1,13,16
YBL100C,,,dma177,1,13,17
YAR030C,,,dma81,1,13,18
YBL098W,BNA4,,dma178,1,13,19
YAR029W,,,dma82,1,13,20
YBL096C,,,dma179,1,13,21
YAR028W,,,dma83,1,13,22
YBL095W,MRX3,,dma180,1,13,23
YOR202W,HIS3,,dma1,1,13,24
YOR202W,HIS3,,dma1,1,14,1
YBR121C,GRS1,,dma265,1,14,2
YBR223C,TDP1,,dma362,1,14,3
YBR119W,MUD1,,dma266,1,14,4
YBR222C,PCS60,,dma363,1,14,5
YBR116C,,,dma267,1,14,6
YBR221C,PDB1,,dma364,1,14,7
YBR115C,LYS2,,dma268,1,14,8
YBR220C,,,dma365,1,14,9
YBR114W,RAD16,,dma269,1,14,10
YBR219C,,,dma366,1,14,11
YBR113W,,,dma270,1,14,12
YBR218C,PYC2,,dma367,1,14,13
YBR111C,YSA1,,dma271,1,14,14
YBR217W,ATG12,,dma368,1,14,15
YBR108W,AIM3,,dma272,1,14,16
YBR216C,YBP1,,dma369,1,14,17
YBR107C,IML3,,dma273,1,14,18
YBR215W,HPC2,,dma370,1,14,19
YBR106W,PHO88,,dma274,1,14,20
YBR214W,SDS24,,dma371,1,14,21
YBR105C,VID24,,dma275,1,14,22
YBR213W,MET8,,dma372,1,14,23
YOR202W,HIS3,,dma1,1,14,24
YOR202W,HIS3,,dma1,1,15,1
YBL015W,ACH1,,dma85,1,15,2
YBR016W,,,dma182,1,15,3
YBL013W,FMT1,,dma86,1,15,4
YBR015C,MNN2,,dma183,1,15,5
YBL011W,SCT1,,dma87,1,15,6
YBR014C,GRX7,,dma184,1,15,7
YBL010C,,,dma88,1,15,8
YBR013C,,,dma185,1,15,9
YBL009W,ALK2,,dma89,1,15,10
YBR012C,,,dma186,1,15,11
YBL008W,HIR1,,dma90,1,15,12
YBR010W,HHT1,,dma187,1,15,13
YBL007C,SLA1,,dma91,1,15,14
YBR009C,HHF1,,dma188,1,15,15
YBL005W,PDR3,,dma92,1,15,16
YBR008C,FLR1,,dma189,1,15,17
YBL003C,HTA2,,dma93,1,15,18
YBR007C,DSF2,,dma190,1,15,19
YBL001C,ECM15,,dma94,1,15,20
YBR006W,UGA2,,dma191,1,15,21
YAR050W,FLO1,,dma95,1,15,22
YBR005W,RCR1,,dma192,1,15,23
YOR202W,HIS3,,dma1,1,15,24
YOR202W,HIS3,,dma1,1,16,1
YOR202W,HIS3,,dma1,1,16,2
YOR202W,HIS3,,dma1,1,16,3
YOR202W,HIS3,,dma1,1,16,4
YOR202W,HIS3,,dma1,1,16,5
YOR202W,HIS3,,dma1,1,16,6
YOR202W,HIS3,,dma1,1,16,7
YOR202W,HIS3,,dma1,1,16,8
YOR202W,HIS3,,dma1,1,16,9
YOR202W,HIS3,,dma1,1,16,10
YOR202W,HIS3,,dma1,1,16,11
YOR202W,HIS3,,dma1,1,16,12
YOR202W,HIS3,,dma1,1,16,13
YOR202W,HIS3,,dma1,1,16,14
YOR202W,HIS3,,dma1,1,16,15
YOR202W,HIS3,,dma1,1,16,16
YOR202W,HIS3,,dma1,1,16,17
YOR202W,HIS3,,dma1,1,16,18
YOR202W,HIS3,,dma1,1,16,19
YOR202W,HIS3,,dma1,1,16,20
YOR202W,HIS3,,dma1,1,16,21
YOR202W,HIS3,,dma1,1,16,22
YOR202W,HIS3,,dma1,1,16,23
YOR202W,HIS3,,dma1,1,16,24
YOR202W,HIS3,,dma1,2,1,1
YOR202W,HIS3,,dma1,2,1,2
YOR202W,HIS3,,dma1,2,1,3
YOR202W,HIS3,,dma1,2,1,4
YOR202W,HIS3,,dma1,2,1,5
YOR202W,HIS3,,dma1,2,1,6
YOR202W,HIS3,,dma1,2,1,7
YOR202W,HIS3,,dma1,2,1,8
YOR202W,HIS3,,dma1,2,1,9
YOR202W,HIS3,,dma1,2,1,10
YOR202W,HIS3,,dma1,2,1,11
YOR202W,HIS3,,dma1,2,1,12
YOR202W,HIS3,,dma1,2,1,13
YOR202W,HIS3,,dma1,2,1,14
YOR202W,HIS3,,dma1,2,1,15
YOR202W,HIS3,,dma1,2,1,16
YOR202W,HIS3,,dma1,2,1,17
YOR202W,HIS3,,dma1,2,1,18
YOR202W,HIS3,,dma1,2,1,19
YOR202W,HIS3,,dma1,2,1,20
YOR202W,HIS3,,dma1,2,1,21
YOR202W,HIS3,,dma1,2,1,22
YOR202W,HIS3,,dma1,2,1,23
YOR202W,HIS3,,dma1,2,1,24
YOR202W,HIS3,,dma1,2,2,1
YCR076C,FUB1,,dma577,2,2,2
YDL090C,RAM1,,dma674,2,2,3
YCR075C,ERS1,,dma578,2,2,4
YDL089W,NUR1,,dma675,2,2,5
YCR073W-A,SOL2,,dma579,2,2,6
YDL088C,ASM4,,dma676,2,2,7
YCR073C,SSK22,,dma580,2,2,8
YDL086W,,,dma677,2,2,9
YCR071C,IMG2,,dma581,2,2,10
YDL085W,NDE2,,dma678,2,2,11
YCR069W,CPR4,,dma582,2,2,12
YDL083C,RPS16B,,dma679,2,2,13
YCR068W,ATG15,,dma583,2,2,14
YDL082W,RPL13A,,dma680,2,2,15
YCR067C,SED4,,dma584,2,2,16
YDL081C,RPP1A,rpp1a-supp1,dma681,2,2,17
YCR065W,HCM1,,dma585,2,2,18
YDL080C,THI3,,dma682,2,2,19
YCR063W,BUD31,,dma586,2,2,20
YDL079C,MRK1,,dma683,2,2,21
YCR062W,,,dma587,2,2,22
YDL078C,MDH3,,dma684,2,2,23
YOR202W,HIS3,,dma1,2,2,24
YOR202W,HIS3,,dma1,2,3,1
YBR235W,VHC1,,dma397,2,3,2
YCL036W,GFD2,,dma494,2,3,3
YBR233W,PBP2,,dma398,2,3,4
YCL035C,GRX1,,dma495,2,3,5
YBR232C,,,dma399,2,3,6
YCL034W,LSB5,,dma496,2,3,7
YBR231C,SWC5,,dma400,2,3,8
YCL033C,MXR2,,dma497,2,3,9
YBR230C,OM14,,dma401,2,3,10
YCL032W,STE50,,dma498,2,3,11
YBR229C,ROT2,,dma402,2,3,12
YCL030C,HIS4,,dma499,2,3,13
YBR228W,SLX1,,dma403,2,3,14
YCL029C,BIK1,,dma500,2,3,15
YBR227C,MCX1,,dma404,2,3,16
YCL028W,RNQ1,,dma501,2,3,17
YBR226C,,,dma405,2,3,18
YCL027W,FUS1,,dma502,2,3,19
YBR225W,,,dma406,2,3,20
YCL026C-A,FRM2,,dma503,2,3,21
YBR224W,,,dma407,2,3,22
YCL026C,,,dma504,2,3,23
YOR202W,HIS3,,dma1,2,3,24
YOR202W,HIS3,,dma1,2,4,1
YCR089W,FIG2,,dma589,2,4,2
YDL110C,TMA17,,dma686,2,4,3
YCR088W,ABP1,,dma590,2,4,4
YDL109C,,,dma687,2,4,5
YCR087W,,,dma591,2,4,6
YDL106C,PHO2,,dma688,2,4,7
YCR087C-A,,,dma592,2,4,8
YDL104C,QRI7,,dma689,2,4,9
YCR086W,CSM1,,dma593,2,4,10
YDL100C,GET3,,dma690,2,4,11
YCR085W,,,dma594,2,4,12
YDL099W,BUG1,,dma691,2,4,13
YCR083W,TRX3,,dma595,2,4,14
YDL096C,OPI6,,dma692,2,4,15
YCR082W,AHC2,,dma596,2,4,16
YDL095W,PMT1,,dma693,2,4,17
YCR081W,SRB8,,dma597,2,4,18
YDL094C,,,dma694,2,4,19
YCR079W,PTC6,,dma598,2,4,20
YDL093W,PMT5,,dma695,2,4,21
YCR077C,PAT1,,dma599,2,4,22
YDL091C,UBX3,,dma696,2,4,23
YOR202W,HIS3,,dma1,2,4,24
YOR202W,HIS3,,dma1,2,5,1
YBR250W,SPO23,,dma409,2,5,2
YCL049C,,,dma506,2,5,3
YBR249C,ARO4,,dma410,2,5,4
YCL048W,SPS22,,dma507,2,5,5
YBR248C,HIS7,,dma411,2,5,6
YCL047C,POF1,,dma508,2,5,7
YBR246W,RRT2,,dma412,2,5,8
YCL046W,,,dma509,2,5,9
YBR245C,ISW1,,dma413,2,5,10
YCL045C,EMC1,,dma510,2,5,11
YBR244W,GPX2,,dma414,2,5,12
YCL044C,MGR1,,dma511,2,5,13
YBR242W,,,dma415,2,5,14
YCL042W,,,dma512,2,5,15
YBR241C,,,dma416,2,5,16
YCL040W,GLK1,,dma513,2,5,17
YBR240C,THI2,,dma417,2,5,18
YCL039W,GID7,,dma514,2,5,19
YBR239C,ERT1,,dma418,2,5,20
YCL038C,ATG22,,dma515,2,5,21
YBR238C,,,dma419,2,5,22
YCL037C,SRO9,,dma516,2,5,23
YOR202W,HIS3,,dma1,2,5,24
YOR202W,HIS3,,dma1,2,6,1
YCR105W,ADH7,,dma601,2,6,2
YDL125C,HNT1,,dma698,2,6,3
YCR102W-A,,,dma602,2,6,4
YDL124W,,,dma699,2,6,5
YCR102C,,,dma603,2,6,6
YDL123W,SNA4,,dma700,2,6,7
YCR101C,,,dma604,2,6,8
YDL122W,UBP1,,dma701,2,6,9
YCR100C,,,dma605,2,6,10
YDL121C,,,dma702,2,6,11
YCR099C,,,dma606,2,6,12
YDL119C,HEM25,,dma703,2,6,13
YCR098C,GIT1,,dma607,2,6,14
YDL118W,,,dma704,2,6,15
YCR095C,OCA4,,dma608,2,6,16
YDL117W,CYK3,,dma705,2,6,17
YCR092C,MSH3,,dma609,2,6,18
YDL114W,,,dma706,2,6,19
YCR091W,KIN82,,dma610,2,6,20
YDL113C,ATG20,,dma707,2,6,21
YCR090C,,,dma611,2,6,22
YDL112W,TRM3,,dma708,2,6,23
YOR202W,HIS3,,dma1,2,6,24
YOR202W,HIS3,,dma1,2,7,1
YBR269C,SDH8,,dma421,2,7,2
YCL069W,VBA3,,dma518,2,7,3
YBR267W,REI1,rei1-supp1,dma422,2,7,4
YCL064C,CHA1,,dma519,2,7,5
YBR266C,SLM6,slm6-supp1,dma423,2,7,6
YCL063W,VAC17,,dma520,2,7,7
YBR264C,YPT10,,dma424,2,7,8
YCL062W,,,dma521,2,7,9
YBR263W,SHM1,,dma425,2,7,10
YCL061C,MRC1,,dma522,2,7,11
YBR262C,MIC12,,dma426,2,7,12
YCL060C,,,dma523,2,7,13
YBR261C,TAE1,,dma427,2,7,14
YCL057W,PRD1,,dma524,2,7,15
YBR260C,RGD1,,dma428,2,7,16
YCL056C,PEX34,,dma525,2,7,17
YBR259W,,,dma429,2,7,18
YCL055W,KAR4,,dma526,2,7,19
YBR258C,SHG1,,dma430,2,7,20
YCL051W,LRE1,,dma527,2,7,21
YBR255W,MTC4,,dma431,2,7,22
YCL050C,APA1,,dma528,2,7,23
YOR202W,HIS3,,dma1,2,7,24
YOR202W,HIS3,,dma1,2,8,1
YDL020C,RPN4,,dma613,2,8,2
YDL135C,RDI1,,dma710,2,8,3
YDL019C,OSH2,,dma614,2,8,4
YDL133C-A,RPL41B,,dma711,2,8,5
YDL018C,ERP3,,dma615,2,8,6
YDL134C,PPH21,,dma712,2,8,7
YDL013W,SLX5,,dma616,2,8,8
YDL133W,SRF1,,dma713,2,8,9
YDL012C,,,dma617,2,8,10
YDL133C-A,RPL41B,,dma714,2,8,11
YDL011C,,,dma618,2,8,12
YDL131W,LYS21,,dma715,2,8,13
YDL010W,GRX6,,dma619,2,8,14
YDL130W-A,STF1,,dma716,2,8,15
YDL006W,PTC1,,dma620,2,8,16
YDL130W,RPP1B,,dma717,2,8,17
YDL002C,NHP10,,dma621,2,8,18
YDL129W,,,dma718,2,8,19
YDL001W,RMD1,,dma622,2,8,20
YDL128W,VCX1,,dma719,2,8,21
YCR106W,RDS1,,dma623,2,8,22
YDL127W,PCL2,,dma720,2,8,23
YOR202W,HIS3,,dma1,2,8,24
YOR202W,HIS3,,dma1,2,9,1
YBR281C,DUG2,,dma433,2,9,2
YCR011C,ADP1,,dma530,2,9,3
YBR280C,SAF1,,dma434,2,9,4
YCR010C,ADY2,,dma531,2,9,5
YBR278W,DPB3,,dma435,2,9,6
YCR009C,RVS161,,dma532,2,9,7
YBR277C,,,dma436,2,9,8
YCR008W,SAT4,,dma533,2,9,9
YBR276C,PPS1,,dma437,2,9,10
YCR007C,,,dma534,2,9,11
YBR275C,RIF1,,dma438,2,9,12
YCR006C,,,dma535,2,9,13
YBR274W,CHK1,,dma439,2,9,14
YCR005C,CIT2,,dma536,2,9,15
YBR273C,UBX7,,dma440,2,9,16
YCR001W,,,dma537,2,9,17
YBR272C,HSM3,,dma441,2,9,18
YCL076W,,,dma538,2,9,19
YBR271W,EFM2,,dma442,2,9,20
YCL075W,,,dma539,2,9,21
YBR270C,BIT2,,dma443,2,9,22
YCL074W,,,dma540,2,9,23
YOR202W,HIS3,,dma1,2,9,24
YOR202W,HIS3,,dma1,2,10,1
YDL038C,,,dma625,2,10,2
YDL157C,,,dma722,2,10,3
YDL037C,BSC1,,dma626,2,10,4
YDL156W,CMR1,,dma723,2,10,5
YDL036C,PUS9,,dma627,2,10,6
YDL155W,CLB3,,dma724,2,10,7
YDL035C,GPR1,,dma628,2,10,8
YDL154W,MSH5,,dma725,2,10,9
YDL034W,,,dma629,2,10,10
YDL149W,ATG9,,dma726,2,10,11
YDL033C,SLM3,,dma630,2,10,12
YDL146W,LDB17,,dma727,2,10,13
YDL027C,MRX9,,dma631,2,10,14
YDL144C,,,dma728,2,10,15
YDL026W,,,dma632,2,10,16
YDL142C,CRD1,,dma729,2,10,17
YDL025C,RTK1,,dma633,2,10,18
YDL138W,RGT2,,dma730,2,10,19
YDL024C,DIA3,,dma634,2,10,20
YDL137W,ARF2,,dma731,2,10,21
YDL023C,,,dma635,2,10,22
YDL136W,RPL35B,,dma732,2,10,23
YOR202W,HIS3,,dma1,2,10,24
YOR202W,HIS3,,dma1,2,11,1
YBR293W,VBA2,,dma445,2,11,2
YCR024C-A,PMP1,,dma542,2,11,3
YBR292C,,,dma446,2,11,4
YCR023C,,,dma543,2,11,5
YBR291C,CTP1,,dma447,2,11,6
YCR022C,,,dma544,2,11,7
YBR290W,BSD2,,dma448,2,11,8
YCR021C,HSP30,,dma545,2,11,9
YBR289W,SNF5,,dma449,2,11,10
YCR020C-A,MAK31,,dma546,2,11,11
YBR288C,APM3,,dma450,2,11,12
YCR020C,PET18,,dma547,2,11,13
YBR287W,,,dma451,2,11,14
YCR019W,MAK32,,dma548,2,11,15
YBR286W,APE3,,dma452,2,11,16
YCR017C,CWH43,,dma549,2,11,17
YBR285W,,,dma453,2,11,18
YCR016W,,,dma550,2,11,19
YBR284W,,,dma454,2,11,20
YCR015C,CTO1,,dma551,2,11,21
YBR283C,SSH1,,dma455,2,11,22
YCR014C,POL4,,dma552,2,11,23
YOR202W,HIS3,,dma1,2,11,24
YOR202W,HIS3,,dma1,2,12,1
YDL054C,MCH1,,dma637,2,12,2
YDL173W,PAR32,,dma734,2,12,3
YDL053C,PBP4,,dma638,2,12,4
YDL172C,,,dma735,2,12,5
YDL042C,SIR2,,dma639,2,12,6
YDL171C,GLT1,,dma736,2,12,7
YDL052C,SLC1,,dma640,2,12,8
YDL170W,UGA3,,dma737,2,12,9
YDL051W,LHP1,,dma641,2,12,10
YDL169C,UGX2,,dma738,2,12,11
YDL048C,STP4,,dma642,2,12,12
YDL168W,SFA1,,dma739,2,12,13
YDL050C,,,dma643,2,12,14
YDL167C,NRP1,,dma740,2,12,15
YDL046W,NPC2,,dma644,2,12,16
YDL162C,,,dma741,2,12,17
YDL041W,,,dma645,2,12,18
YDL161W,ENT1,,dma742,2,12,19
YDL040C,NAT1,,dma646,2,12,20
YDL160C,DHH1,,dma743,2,12,21
YDL039C,PRM7,,dma647,2,12,22
YDL159W,STE7,,dma744,2,12,23
YOR202W,HIS3,,dma1,2,12,24
YOR202W,HIS3,,dma1,2,13,1
YCL006C,,,dma457,2,13,2
YCR037C,PHO87,,dma554,2,13,3
YCL002C,,,dma458,2,13,4
YCR036W,RBK1,,dma555,2,13,5
YCL001W-A,,,dma459,2,13,6
YCR034W,ELO2,,dma556,2,13,7
YCL001W,RER1,,dma460,2,13,8
YCR033W,SNT1,,dma557,2,13,9
YBR301W,PAU24,,dma461,2,13,10
YCR032W,BPH1,,dma558,2,13,11
YBR300C,,,dma462,2,13,12
YCR031C,RPS14A,,dma559,2,13,13
YBR298C,MAL31,,dma463,2,13,14
YCR030C,SYP1,,dma560,2,13,15
YBR297W,MAL33,,dma464,2,13,16
YCR028C-A,RIM1,,dma561,2,13,17
YBR296C,PHO89,,dma465,2,13,18
YCR027C,RHB1,,dma562,2,13,19
YBR295W,PCA1,,dma466,2,13,20
YCR026C,NPP1,,dma563,2,13,21
YBR294W,SUL1,,dma467,2,13,22
YCR025C,,,dma564,2,13,23
YOR202W,HIS3,,dma1,2,13,24
YOR202W,HIS3,,dma1,2,14,1
YDL077C,VAM6,,dma649,2,14,2
YDL184C,RPL41A,,dma746,2,14,3
YDL076C,RXT3,,dma650,2,14,4
YDL183C,,,dma747,2,14,5
YDL074C,BRE1,,dma651,2,14,6
YDL182W,LYS20,,dma748,2,14,7
YDL071C,,,dma652,2,14,8
YDL181W,INH1,,dma749,2,14,9
YDL070W,BDF2,,dma653,2,14,10
YDL180W,,,dma750,2,14,11
YDL066W,IDP1,,dma654,2,14,12
YDL179W,PCL9,,dma751,2,14,13
YDL065C,PEX19,,dma655,2,14,14
YDL178W,DLD2,,dma752,2,14,15
YDL062W,,,dma656,2,14,16
YDL177C,,,dma753,2,14,17
YDL061C,RPS29B,,dma657,2,14,18
YDL176W,,,dma754,2,14,19
YDL059C,RAD59,,dma658,2,14,20
YDL175C,AIR2,,dma755,2,14,21
YDL056W,MBP1,,dma659,2,14,22
YDL174C,DLD1,,dma756,2,14,23
YOR202W,HIS3,,dma1,2,14,24
YOR202W,HIS3,,dma1,2,15,1
YCL025C,AGP1,,dma469,2,15,2
YCR061W,,,dma566,2,15,3
YCL024W,KCC4,,dma470,2,15,4
YCR060W,TAH1,,dma567,2,15,5
YCL023C,,,dma471,2,15,6
YCR059C,YIH1,,dma568,2,15,7
YCL022C,,,dma472,2,15,8
YCR053W,THR4,,dma569,2,15,9
YCL016C,DCC1,,dma473,2,15,10
YCR051W,,,dma570,2,15,11
YCL014W,BUD3,,dma474,2,15,12
YCR050C,,,dma571,2,15,13
YCL013W,,,dma475,2,15,14
YCR049C,,,dma572,2,15,15
YCL012W,,,dma476,2,15,16
YCR048W,ARE1,,dma573,2,15,17
YCL011C,GBP2,,dma477,2,15,18
YCR045C,RRT12,,dma574,2,15,19
YCL010C,SGF29,,dma478,2,15,20
YCR044C,PER1,per1-supp1,dma575,2,15,21
YCL009C,ILV6,,dma479,2,15,22
YCR043C,,,dma576,2,15,23
YOR202W,HIS3,,dma1,2,15,24
YOR202W,HIS3,,dma1,2,16,1
YOR202W,HIS3,,dma1,2,16,2
YOR202W,HIS3,,dma1,2,16,3
YOR202W,HIS3,,dma1,2,16,4
YOR202W,HIS3,,dma1,2,16,5
YOR202W,HIS3,,dma1,2,16,6
YOR202W,HIS3,,dma1,2,16,7
YOR202W,HIS3,,dma1,2,16,8
YOR202W,HIS3,,dma1,2,16,9
YOR202W,HIS3,,dma1,2,16,10
YOR202W,HIS3,,dma1,2,16,11
YOR202W,HIS3,,dma1,2,16,12
YOR202W,HIS3,,dma1,2,16,13
YOR202W,HIS3,,dma1,2,16,14
YOR202W,HIS3,,dma1,2,16,15
YOR202W,HIS3,,dma1,2,16,16
YOR202W,HIS3,,dma1,2,16,17
YOR202W,HIS3,,dma1,2,16,18
YOR202W,HIS3,,dma1,2,16,19
YOR202W,HIS3,,dma1,2,16,20
YOR202W,HIS3,,dma1,2,16,21
YOR202W,HIS3,,dma1,2,16,22
YOR202W,HIS3,,dma1,2,16,23
YOR202W,HIS3,,dma1,2,16,24
YOR202W,HIS3,,dma1,3,1,1
YOR202W,HIS3,,dma1,3,1,2
YOR202W,HIS3,,dma1,3,1,3
YOR202W,HIS3,,dma1,3,1,4
YOR202W,HIS3,,dma1,3,1,5
YOR202W,HIS3,,dma1,3,1,6
YOR202W,HIS3,,dma1,3,1,7
YOR202W,HIS3,,dma1,3,1,8
YOR202W,HIS3,,dma1,3,1,9
YOR202W,HIS3,,dma1,3,1,10
YOR202W,HIS3,,dma1,3,1,11
YOR202W,HIS3,,dma1,3,1,12
YOR202W,HIS3,,dma1,3,1,13
YOR202W,HIS3,,dma1,3,1,14
YOR202W,HIS3,,dma1,3,1,15
YOR202W,HIS3,,dma1,3,1,16
YOR202W,HIS3,,dma1,3,1,17
YOR202W,HIS3,,dma1,3,1,18
YOR202W,HIS3,,dma1,3,1,19
YOR202W,HIS3,,dma1,3,1,20
YOR202W,HIS3,,dma1,3,1,21
YOR202W,HIS3,,dma1,3,1,22
YOR202W,HIS3,,dma1,3,1,23
YOR202W,HIS3,,dma1,3,1,24
YOR202W,HIS3,,dma1,3,2,1
YDR199W,,,dma961,3,2,2
YDR316W,OMS1,,dma1058,3,2,3
YDR198C,RKM2,,dma962,3,2,4
YDR315C,IPK1,,dma1059,3,2,5
YDR193W,,,dma963,3,2,6
YDR314C,RAD34,,dma1060,3,2,7
YDR192C,NUP42,,dma964,3,2,8
YDR313C,PIB1,,dma1061,3,2,9
YDR191W,HST4,,dma965,3,2,10
YDR312W,SSF2,,dma1062,3,2,11
YDR186C,,,dma966,3,2,12
YDR310C,SUM1,,dma1063,3,2,13
YDR185C,UPS3,,dma967,3,2,14
YDR309C,GIC2,,dma1064,3,2,15
YDR184C,ATC1,,dma968,3,2,16
YDR307W,PMT7,,dma1065,3,2,17
YDR183W,PLP1,,dma969,3,2,18
YDR306C,,,dma1066,3,2,19
YDR181C,SAS4,,dma970,3,2,20
YDR305C,HNT2,,dma1067,3,2,21
YDR179W-A,NVJ3,,dma971,3,2,22
YDR304C,CPR5,,dma1068,3,2,23
YOR202W,HIS3,,dma1,3,2,24
YOR202W,HIS3,,dma1,3,3,1
YDL199C,,,dma781,3,3,2
YDR090C,,,dma878,3,3,3
YDL197C,ASF2,,dma782,3,3,4
YDR089W,,,dma879,3,3,5
YDL194W,SNF3,,dma783,3,3,6
YDR085C,AFR1,,dma880,3,3,7
YDL192W,ARF1,,dma784,3,3,8
YDR084C,TVP23,,dma881,3,3,9
YDL191W,RPL35A,,dma785,3,3,10
YDR083W,RRP8,,dma882,3,3,11
YDL190C,UFD2,,dma786,3,3,12
YDR080W,VPS41,,dma883,3,3,13
YDL189W,RBS1,,dma787,3,3,14
YDR077W,SED1,,dma884,3,3,15
YDL188C,PPH22,,dma788,3,3,16
YDR076W,RAD55,,dma885,3,3,17
YDL187C,,,dma789,3,3,18
YDR075W,PPH3,,dma886,3,3,19
YDL186W,,,dma790,3,3,20
YDR074W,TPS2,,dma887,3,3,21
YDL185W,VMA1,,dma791,3,3,22
YDR073W,SNF11,,dma888,3,3,23
YOR202W,HIS3,,dma1,3,3,24
YOR202W,HIS3,,dma1,3,4,1
YDR216W,ADR1,,dma973,3,4,2
YDR335W,MSN5,,dma1070,3,4,3
YDR215C,,,dma974,3,4,4
YDR334W,SWR1,,dma1071,3,4,5
YDR214W,AHA1,,dma975,3,4,6
YDR333C,RQC1,,dma1072,3,4,7
YDR213W,UPC2,,dma976,3,4,8
YDR332W,IRC3,,dma1073,3,4,9
YDR210W,,,dma977,3,4,10
YDR330W,UBX5,,dma1074,3,4,11
YDR209C,,,dma978,3,4,12
YDR329C,PEX3,,dma1075,3,4,13
YDR207C,UME6,,dma979,3,4,14
YDR321W,ASP1,,dma1076,3,4,15
YDR206W,EBS1,,dma980,3,4,16
YDR320C,SWA2,swa2-supp1,dma1077,3,4,17
YDR205W,MSC2,,dma981,3,4,18
YDR319C,YFT2,,dma1078,3,4,19
YDR203W,,,dma982,3,4,20
YDR318W,MCM21,,dma1079,3,4,21
YDR202C,RAV2,,dma983,3,4,22
YDR317W,HIM1,,dma1080,3,4,23
YOR202W,HIS3,,dma1,3,4,24
YOR202W,HIS3,,dma1,3,5,1
YDL216C,RRI1,,dma793,3,5,2
YDR102C,,,dma890,3,5,3
YDL215C,GDH2,,dma794,3,5,4
YDR101C,ARX1,,dma891,3,5,5
YDL214C,PRR2,,dma795,3,5,6
YDR100W,TVP15,,dma892,3,5,7
YDL213C,NOP6,,dma796,3,5,8
YDR099W,BMH2,,dma893,3,5,9
YDL211C,,,dma797,3,5,10
YDR098C,GRX3,,dma894,3,5,11
YDL210W,UGA4,,dma798,3,5,12
YDR097C,MSH6,,dma895,3,5,13
YDL206W,,,dma799,3,5,14
YDR096W,GIS1,,dma896,3,5,15
YDL204W,RTN2,,dma800,3,5,16
YDR095C,,,dma897,3,5,17
YDL203C,ACK1,,dma801,3,5,18
YDR094W,,,dma898,3,5,19
YDL201W,TRM8,,dma802,3,5,20
YDR093W,DNF2,,dma899,3,5,21
YDL200C,MGT1,,dma803,3,5,22
YDR092W,UBC13,,dma900,3,5,23
YOR202W,HIS3,,dma1,3,5,24
YOR202W,HIS3,,dma1,3,6,1
YDR233C,RTN1,,dma985,3,6,2
YDR354W,TRP4,,dma1082,3,6,3
YDR229W,IVY1,,dma986,3,6,4
YDR352W,YPQ2,,dma1083,3,6,5
YDR227W,SIR4,,dma987,3,6,6
YDR351W,SBE2,,dma1084,3,6,7
YDR225W,HTA1,,dma988,3,6,8
YDR349C,YPS7,,dma1085,3,6,9
YDR223W,CRF1,,dma989,3,6,10
YDR348C,PAL1,,dma1086,3,6,11
YDR222W,,,dma990,3,6,12
YDR346C,SVF1,,dma1087,3,6,13
YDR221W,GTB1,,dma991,3,6,14
YDR345C,HXT3,,dma1088,3,6,15
YDR220C,,,dma992,3,6,16
YDR344C,,,dma1089,3,6,17
YDR219C,MFB1,,dma993,3,6,18
YDR340W,,,dma1090,3,6,19
YDR218C,SPR28,,dma994,3,6,20
YDR338C,,,dma1091,3,6,21
YDR217C,RAD9,,dma995,3,6,22
YDR336W,MRX8,,dma1092,3,6,23
YOR202W,HIS3,,dma1,3,6,24
YOR202W,HIS3,,dma1,3,7,1
YDL232W,OST4,ost4-supp2,dma805,3,7,2
YDR117C,TMA64,,dma902,3,7,3
YDL231C,BRE4,,dma806,3,7,4
YDR116C,MRPL1,,dma903,3,7,5
YDL230W,PTP1,,dma807,3,7,6
YDR112W,IRC2,,dma904,3,7,7
YDL229W,SSB1,,dma808,3,7,8
YDR111C,ALT2,,dma905,3,7,9
YDL227C,HO,,dma809,3,7,10
YDR110W,FOB1,,dma906,3,7,11
YDL226C,GCS1,,dma810,3,7,12
YDR103W,STE5,,dma907,3,7,13
YDL224C,WHI4,,dma811,3,7,14
YDR109C,,,dma908,3,7,15
YDL223C,HBT1,,dma812,3,7,16
YDR108W,TRS85,,dma909,3,7,17
YDL222C,FMP45,,dma813,3,7,18
YDR107C,TMN2,,dma910,3,7,19
YDL219W,DTD1,,dma814,3,7,20
YDR105C,TMS1,,dma911,3,7,21
YDL218W,,,dma815,3,7,22
YDR104C,SPO71,,dma912,3,7,23
YOR202W,HIS3,,dma1,3,7,24
YOR202W,HIS3,,dma1,3,8,1
YDR252W,BTT1,,dma997,3,8,2
YDR372C,VPS74,,dma1094,3,8,3
YDR251W,PAM1,,dma998,3,8,4
YDR371W,CTS2,,dma1095,3,8,5
YDR250C,,,dma999,3,8,6
YDR370C,DXO1,,dma1096,3,8,7
YDR249C,,,dma1000,3,8,8
YDR369C,XRS2,,dma1097,3,8,9
YDR248C,,,dma1001,3,8,10
YDR368W,YPR1,,dma1098,3,8,11
YDR247W,VHS1,,dma1002,3,8,12
YDR363W-A,SEM1,,dma1099,3,8,13
YDR245W,MNN10,mnn10-supp1,dma1003,3,8,14
YDR363W,ESC2,,dma1100,3,8,15
YDR244W,PEX5,,dma1004,3,8,16
YDR360W,OPI7,,dma1101,3,8,17
YDR241W,BUD26,,dma1005,3,8,18
YDR359C,EAF1,,dma1102,3,8,19
YDR239C,,,dma1006,3,8,20
YDR358W,GGA1,,dma1103,3,8,21
YDR234W,LYS4,,dma1007,3,8,22
YDR357C,CNL1,,dma1104,3,8,23
YOR202W,HIS3,,dma1,3,8,24
YOR202W,HIS3,,dma1,3,9,1
YDR001C,NTH1,,dma817,3,9,2
YDR130C,FIN1,,dma914,3,9,3
YDL243C,AAD4,,dma818,3,9,4
YDR128W,MTC5,,dma915,3,9,5
YDL242W,,,dma819,3,9,6
YDR127W,ARO1,,dma916,3,9,7
YDL241W,,,dma820,3,9,8
YDR126W,SWF1,,dma917,3,9,9
YDL240W,LRG1,,dma821,3,9,10
YDR125C,ECM18,,dma918,3,9,11
YDL239C,ADY3,,dma822,3,9,12
YDR124W,,,dma919,3,9,13
YDL238C,GUD1,,dma823,3,9,14
YDR123C,INO2,,dma920,3,9,15
YDL237W,AIM6,,dma824,3,9,16
YDR122W,KIN1,,dma921,3,9,17
YDL236W,PHO13,,dma825,3,9,18
YDR121W,DPB4,,dma922,3,9,19
YDL234C,GYP7,,dma826,3,9,20
YDR120C,TRM1,,dma923,3,9,21
YDL233W,MFG1,,dma827,3,9,22
YDR119W,VBA4,,dma924,3,9,23
YOR202W,HIS3,,dma1,3,9,24
YOR202W,HIS3,,dma1,3,10,1
YDR263C,DIN7,,dma1009,3,10,2
YDR387C,,,dma1106,3,10,3
YDR262W,,,dma1010,3,10,4
YDR386W,MUS81,,dma1107,3,10,5
YDR261C,EXG2,,dma1011,3,10,6
YDR385W,EFT2,,dma1108,3,10,7
YDR260C,SWM1,,dma1012,3,10,8
YDR384C,ATO3,,dma1109,3,10,9
YDR259C,YAP6,,dma1013,3,10,10
YDR383C,NKP1,,dma1110,3,10,11
YDR258C,HSP78,,dma1014,3,10,12
YDR382W,RPP2B,,dma1111,3,10,13
YDR257C,RKM4,,dma1015,3,10,14
YDR380W,ARO10,,dma1112,3,10,15
YDR256C,CTA1,,dma1016,3,10,16
YDR379W,RGA2,,dma1113,3,10,17
YDR255C,RMD5,,dma1017,3,10,18
YDR378C,LSM6,,dma1114,3,10,19
YDR254W,CHL4,,dma1018,3,10,20
YDR375C,BCS1,,dma1115,3,10,21
YDR253C,MET32,,dma1019,3,10,22
YDR374C,PHO92,,dma1116,3,10,23
YOR202W,HIS3,,dma1,3,10,24
YOR202W,HIS3,,dma1,3,11,1
YDR015C,,,dma829,3,11,2
YDR147W,EKI1,,dma926,3,11,3
YDR014W,RAD61,,dma830,3,11,4
YDR146C,SWI5,,dma927,3,11,5
YDR011W,SNQ2,,dma831,3,11,6
YDR144C,MKC7,,dma928,3,11,7
YDR010C,,,dma832,3,11,8
YDR143C,SAN1,,dma929,3,11,9
YDR009W,GAL3,,dma833,3,11,10
YDR142C,PEX7,,dma930,3,11,11
YDR008C,,,dma834,3,11,12
YDR139C,RUB1,,dma931,3,11,13
YDR007W,TRP1,,dma835,3,11,14
YDR135C,YCF1,,dma932,3,11,15
YDR006C,SOK1,,dma836,3,11,16
YDR134C,,,dma933,3,11,17
YDR005C,MAF1,,dma837,3,11,18
YDR133C,,,dma934,3,11,19
YDR004W,RAD57,,dma838,3,11,20
YDR132C,,,dma935,3,11,21
YDR003W,RCR2,,dma839,3,11,22
YDR131C,,,dma936,3,11,23
YOR202W,HIS3,,dma1,3,11,24
YOR202W,HIS3,,dma1,3,12,1
YDR279W,RNH202,,dma1021,3,12,2
YDR403W,DIT1,,dma1118,3,12,3
YDR278C,,,dma1022,3,12,4
YDR402C,DIT2,,dma1119,3,12,5
YDR277C,MTH1,,dma1023,3,12,6
YDR401W,,,dma1120,3,12,7
YDR276C,PMP3,,dma1024,3,12,8
YDR400W,URH1,,dma1121,3,12,9
YDR275W,BSC2,,dma1025,3,12,10
YDR399W,HPT1,,dma1122,3,12,11
YDR274C,,,dma1026,3,12,12
YDR395W,SXM1,,dma1123,3,12,13
YDR273W,DON1,,dma1027,3,12,14
YDR393W,SHE9,,dma1124,3,12,15
YDR272W,GLO2,,dma1028,3,12,16
YDR392W,SPT3,,dma1125,3,12,17
YDR270W,CCC2,,dma1029,3,12,18
YDR391C,,,dma1126,3,12,19
YDR266C,HEL2,,dma1030,3,12,20
YDR389W,SAC7,,dma1127,3,12,21
YDR265W,PEX10,,dma1031,3,12,22
YDR388W,RVS167,,dma1128,3,12,23
YOR202W,HIS3,,dma1,3,12,24
YOR202W,HIS3,,dma1,3,13,1
YDR056C,EMC10,,dma841,3,13,2
YDR158W,HOM2,,dma938,3,13,3
YDR055W,PST1,,dma842,3,13,4
YDR157W,,,dma939,3,13,5
YDR051C,DET1,,dma843,3,13,6
YDR156W,RPA14,,dma940,3,13,7
YDR049W,VMS1,,dma844,3,13,8
YDR155C,CPR1,,dma941,3,13,9
YDR048C,,ydr048c-supp1,dma845,3,13,10
YDR154C,,,dma942,3,13,11
YDR025W,RPS11A,,dma846,3,13,12
YDR153C,ENT5,,dma943,3,13,13
YDR024W,FYV1,,dma847,3,13,14
YDR152W,GIR2,,dma944,3,13,15
YDR022C,ATG31,,dma848,3,13,16
YDR151C,CTH1,,dma945,3,13,17
YDR020C,DAS2,,dma849,3,13,18
YDR150W,NUM1,,dma946,3,13,19
YDR019C,GCV1,,dma850,3,13,20
YDR149C,,,dma947,3,13,21
YDR018C,,,dma851,3,13,22
YDR148C,KGD2,,dma948,3,13,23
YOR202W,HIS3,,dma1,3,13,24
YOR202W,HIS3,,dma1,3,14,1
YDR297W,SUR2,,dma1033,3,14,2
YDR422C,SIP1,,dma1130,3,14,3
YDR294C,DPL1,,dma1034,3,14,4
YDR421W,ARO80,,dma1131,3,14,5
YDR293C,SSD1,,dma1035,3,14,6
YDR420W,HKR1,,dma1132,3,14,7
YDR291W,HRQ1,,dma1036,3,14,8
YDR419W,RAD30,,dma1133,3,14,9
YDR289C,RTT103,,dma1037,3,14,10
YDR415C,,,dma1134,3,14,11
YDR287W,INM2,,dma1038,3,14,12
YDR414C,ERD1,,dma1135,3,14,13
YDR286C,,,dma1039,3,14,14
YDR411C,DFM1,,dma1136,3,14,15
YDR285W,ZIP1,,dma1040,3,14,16
YDR410C,STE14,,dma1137,3,14,17
YDR284C,DPP1,,dma1041,3,14,18
YDR409W,SIZ1,,dma1138,3,14,19
YDR282C,MRX10,,dma1042,3,14,20
YDR408C,ADE8,,dma1139,3,14,21
YDR281C,PHM6,,dma1043,3,14,22
YDR406W,PDR15,,dma1140,3,14,23
YOR202W,HIS3,,dma1,3,14,24
YOR202W,HIS3,,dma1,3,15,1
YDR072C,IPT1,,dma853,3,15,2
YDR179C,CSN9,,dma950,3,15,3
YDR071C,PAA1,,dma854,3,15,4
YDR178W,SDH4,,dma951,3,15,5
YDR070C,FMP16,,dma855,3,15,6
YDR174W,HMO1,,dma952,3,15,7
YDR068W,DOS2,,dma856,3,15,8
YDR173C,ARG82,,dma953,3,15,9
YDR067C,OCA6,,dma857,3,15,10
YDR171W,HSP42,,dma954,3,15,11
YDR066C,RTR2,,dma858,3,15,12
YDR169C,STB3,,dma955,3,15,13
YDR063W,AIM7,,dma859,3,15,14
YDR165W,TRM82,,dma956,3,15,15
YDR061W,,,dma860,3,15,16
YDR163W,CWC15,,dma957,3,15,17
YDR059C,UBC5,,dma861,3,15,18
YDR162C,NBP2,,dma958,3,15,19
YDR058C,TGL2,,dma862,3,15,20
YDR161W,ACL4,acl4-supp1,dma959,3,15,21
YDR057W,YOS9,,dma863,3,15,22
YDR159W,SAC3,,dma960,3,15,23
YOR202W,HIS3,,dma1,3,15,24
YOR202W,HIS3,,dma1,3,16,1
YOR202W,HIS3,,dma1,3,16,2
YOR202W,HIS3,,dma1,3,16,3
YOR202W,HIS3,,dma1,3,16,4
YOR202W,HIS3,,dma1,3,16,5
YOR202W,HIS3,,dma1,3,16,6
YOR202W,HIS3,,dma1,3,16,7
YOR202W,HIS3,,dma1,3,16,8
YOR202W,HIS3,,dma1,3,16,9
YOR202W,HIS3,,dma1,3,16,10
YOR202W,HIS3,,dma1,3,16,11
YOR202W,HIS3,,dma1,3,16,12
YOR202W,HIS3,,dma1,3,16,13
YOR202W,HIS3,,dma1,3,16,14
YOR202W,HIS3,,dma1,3,16,15
YOR202W,HIS3,,dma1,3,16,16
YOR202W,HIS3,,dma1,3,16,17
YOR202W,HIS3,,dma1,3,16,18
YOR202W,HIS3,,dma1,3,16,19
YOR202W,HIS3,,dma1,3,16,20
YOR202W,HIS3,,dma1,3,16,21
YOR202W,HIS3,,dma1,3,16,22
YOR202W,HIS3,,dma1,3,16,23
YOR202W,HIS3,,dma1,3,16,24
YOR202W,HIS3,,dma1,4,1,1
YOR202W,HIS3,,dma1,4,1,2
YOR202W,HIS3,,dma1,4,1,3
YOR202W,HIS3,,dma1,4,1,4
YOR202W,HIS3,,dma1,4,1,5
YOR202W,HIS3,,dma1,4,1,6
YOR202W,HIS3,,dma1,4,1,7
YOR202W,HIS3,,dma1,4,1,8
YOR202W,HIS3,,dma1,4,1,9
YOR202W,HIS3,,dma1,4,1,10
YOR202W,HIS3,,dma1,4,1,11
YOR202W,HIS3,,dma1,4,1,12
YOR202W,HIS3,,dma1,4,1,13
YOR202W,HIS3,,dma1,4,1,14
YOR202W,HIS3,,dma1,4,1,15
YOR202W,HIS3,,dma1,4,1,16
YOR202W,HIS3,,dma1,4,1,17
YOR202W,HIS3,,dma1,4,1,18
YOR202W,HIS3,,dma1,4,1,19
YOR202W,HIS3,,dma1,4,1,20
YOR202W,HIS3,,dma1,4,1,21
YOR202W,HIS3,,dma1,4,1,22
YOR202W,HIS3,,dma1,4,1,23
YOR202W,HIS3,,dma1,4,1,24
YOR202W,HIS3,,dma1,4,2,1
YER056C-A,RPL34A,,dma1345,4,2,2
YER158C,,,dma1442,4,2,3
YER056C,FCY2,,dma1346,4,2,4
YER156C,,,dma1443,4,2,5
YER055C,HIS1,,dma1347,4,2,6
YER155C,BEM2,,dma1444,4,2,7
YER054C,GIP2,,dma1348,4,2,8
YER153C,PET122,,dma1445,4,2,9
YER053C,PIC2,,dma1349,4,2,10
YER152C,,,dma1446,4,2,11
YER052C,HOM3,,dma1350,4,2,12
YER151C,UBP3,,dma1447,4,2,13
YER051W,JHD1,,dma1351,4,2,14
YER150W,SPI1,,dma1448,4,2,15
YER049W,TPA1,,dma1352,4,2,16
YER149C,PEA2,,dma1449,4,2,17
YER048C,CAJ1,,dma1353,4,2,18
YER145C,FTR1,,dma1450,4,2,19
YER047C,SAP1,,dma1354,4,2,20
YER144C,UBP5,,dma1451,4,2,21
YER046W-A,,,dma1355,4,2,22
YER143W,DDI1,,dma1452,4,2,23
YOR202W,HIS3,,dma1,4,2,24
YOR202W,HIS3,,dma1,4,3,1
YDR439W,LRS4,,dma1165,4,3,2
YEL013W,VAC8,,dma1262,4,3,3
YDR438W,THI74,,dma1166,4,3,4
YEL012W,UBC8,,dma1263,4,3,5
YDR436W,PPZ2,,dma1167,4,3,6
YEL011W,GLC3,,dma1264,4,3,7
YDR435C,PPM1,,dma1168,4,3,8
YEL010W,,,dma1265,4,3,9
YDR431W,,,dma1169,4,3,10
YEL008W,,,dma1266,4,3,11
YDR430C,CYM1,,dma1170,4,3,12
YEL007W,MIT1,,dma1267,4,3,13
YDR428C,BNA7,,dma1171,4,3,14
YEL006W,YEA6,,dma1268,4,3,15
YDR426C,,,dma1172,4,3,16
YEL005C,VAB2,,dma1269,4,3,17
YDR425W,SNX41,,dma1173,4,3,18
YEL004W,YEA4,,dma1270,4,3,19
YDR424C,DYN2,,dma1174,4,3,20
YEL003W,GIM4,,dma1271,4,3,21
YDR423C,CAD1,,dma1175,4,3,22
YEL001C,IRC22,,dma1272,4,3,23
YOR202W,HIS3,,dma1,4,3,24
YOR202W,HIS3,,dma1,4,4,1
YER066W,RRT13,,dma1357,4,4,2
YER176W,ECM32,,dma1454,4,4,3
YER066C-A,,,dma1358,4,4,4
YER175C,TMT1,,dma1455,4,4,5
YER065C,ICL1,,dma1359,4,4,6
YER174C,GRX4,,dma1456,4,4,7
YER064C,VHR2,,dma1360,4,4,8
YER173W,RAD24,,dma1457,4,4,9
YER063W,THO1,,dma1361,4,4,10
YER170W,ADK2,,dma1458,4,4,11
YER062C,GPP2,,dma1362,4,4,12
YER167W,BCK2,,dma1459,4,4,13
YER061C,CEM1,,dma1363,4,4,14
YER166W,DNF1,,dma1460,4,4,15
YER060W-A,FCY22,,dma1364,4,4,16
YER164W,CHD1,,dma1461,4,4,17
YER060W,FCY21,,dma1365,4,4,18
YER163C,GCG1,,dma1462,4,4,19
YER059W,PCL6,,dma1366,4,4,20
YER162C,RAD4,,dma1463,4,4,21
YER057C,HMF1,,dma1367,4,4,22
YER161C,SPT2,,dma1464,4,4,23
YOR202W,HIS3,,dma1,4,4,24
YOR202W,HIS3,,dma1,4,5,1
YDR459C,PFA5,,dma1177,4,5,2
YEL031W,SPF1,,dma1274,4,5,3
YDR458C,HEH2,,dma1178,4,5,4
YEL030W,ECM10,,dma1275,4,5,5
YDR455C,,,dma1179,4,5,6
YEL028W,,,dma1276,4,5,7
YDR453C,TSA2,,dma1180,4,5,8
YEL025C,,,dma1277,4,5,9
YDR452W,PPN1,,dma1181,4,5,10
YEL023C,,,dma1278,4,5,11
YDR451C,YHP1,,dma1182,4,5,12
YEL020C,,,dma1279,4,5,13
YDR447C,RPS17B,,dma1183,4,5,14
YEL017W,GTT3,,dma1280,4,5,15
YDR446W,ECM11,,dma1184,4,5,16
YEL017C-A,PMP2,,dma1281,4,5,17
YDR445C,,,dma1185,4,5,18
YEL016C,NPP2,,dma1282,4,5,19
YDR441C,APT2,,dma1186,4,5,20
YEL015W,EDC3,,dma1283,4,5,21
YDR440W,DOT1,,dma1187,4,5,22
YEL014C,,,dma1284,4,5,23
YOR202W,HIS3,,dma1,4,5,24
YOR202W,HIS3,,dma1,4,6,1
YER079W,,,dma1369,4,6,2
YER187W,,,dma1466,4,6,3
YER078C,ICP55,,dma1370,4,6,4
YER186C,,,dma1467,4,6,5
YER077C,MRX1,,dma1371,4,6,6
YER185W,PUG1,,dma1468,4,6,7
YER075C,PTP3,,dma1372,4,6,8
YER184C,TOG1,,dma1469,4,6,9
YER074W,RPS24A,,dma1373,4,6,10
YER183C,FAU1,,dma1470,4,6,11
YER073W,ALD5,,dma1374,4,6,12
YER182W,FMP10,,dma1471,4,6,13
YER072W,VTC1,,dma1375,4,6,14
YER181C,,,dma1472,4,6,15
YER071C,TDA2,,dma1376,4,6,16
YER180C,ISC10,,dma1473,4,6,17
YER069W,"ARG5,6",,dma1377,4,6,18
YER179W,DMC1,,dma1474,4,6,19
YER067W,RGI1,,dma1378,4,6,20
YER178W,PDA1,,dma1475,4,6,21
YER067C-A,,,dma1379,4,6,22
YER177W,BMH1,,dma1476,4,6,23
YOR202W,HIS3,,dma1,4,6,24
YOR202W,HIS3,,dma1,4,7,1
YDR480W,DIG2,,dma1189,4,7,2
YEL049W,PAU2,,dma1286,4,7,3
YDR479C,PEX29,,dma1190,4,7,4
YEL048C,TCA17,,dma1287,4,7,5
YDR476C,,,dma1191,4,7,6
YEL047C,FRD1,,dma1288,4,7,7
YDR475C,JIP4,,dma1192,4,7,8
YEL043W,,,dma1289,4,7,9
YDR474C,,,dma1193,4,7,10
YEL042W,GDA1,,dma1290,4,7,11
YDR471W,RPL27B,,dma1194,4,7,12
YEL041W,YEF1,,dma1291,4,7,13
YDR469W,SDC1,,dma1195,4,7,14
YEL040W,UTR2,,dma1292,4,7,15
YDR467C,,,dma1196,4,7,16
YEL039C,CYC7,,dma1293,4,7,17
YDR466W,PKH3,,dma1197,4,7,18
YEL038W,UTR4,,dma1294,4,7,19
YDR465C,RMT2,,dma1198,4,7,20
YEL037C,RAD23,,dma1295,4,7,21
YDR463W,STP1,,dma1199,4,7,22
YEL033W,MTC7,mtc7-supp1,dma1296,4,7,23
YOR202W,HIS3,,dma1,4,7,24
YOR202W,HIS3,,dma1,4,8,1
YER092W,IES5,,dma1381,4,8,2
YFL023W,BUD27,bud27-supp1,dma1478,4,8,3
YER091C-A,,,dma1382,4,8,4
YFL021W,GAT1,,dma1479,4,8,5
YER091C,MET6,,dma1383,4,8,6
YFL020C,PAU5,,dma1480,4,8,7
YER090W,TRP2,,dma1384,4,8,8
YFL019C,,,dma1481,4,8,9
YER088C,DOT6,,dma1385,4,8,10
YFL018C,LPD1,lpd1-supp1,dma1482,4,8,11
YER087C-A,,,dma1386,4,8,12
YFL015C,,,dma1483,4,8,13
YER085C,,,dma1387,4,8,14
YFL014W,HSP12,,dma1484,4,8,15
YER084W,,,dma1388,4,8,16
YFL013W-A,,,dma1485,4,8,17
YER083C,GET2,,dma1389,4,8,18
YFL011W,HXT10,,dma1486,4,8,19
YER081W,SER3,,dma1390,4,8,20
YFL006W,,,dma1487,4,8,21
YER080W,AIM9,,dma1391,4,8,22
YER188W,,,dma1488,4,8,23
YOR202W,HIS3,,dma1,4,8,24
YOR202W,HIS3,,dma1,4,9,1
YDR496C,PUF6,,dma1201,4,9,2
YEL065W,SIT1,,dma1298,4,9,3
YDR494W,RSM28,,dma1202,4,9,4
YEL064C,AVT2,,dma1299,4,9,5
YDR492W,IZH1,,dma1203,4,9,6
YEL063C,CAN1,,dma1300,4,9,7
YDR491C,,,dma1204,4,9,8
YEL062W,NPR2,,dma1301,4,9,9
YDR490C,PKH1,,dma1205,4,9,10
YEL061C,CIN8,,dma1302,4,9,11
YDR488C,PAC11,,dma1206,4,9,12
YEL060C,PRB1,,dma1303,4,9,13
YDR486C,VPS60,,dma1207,4,9,14
YEL059W,HHY1,,dma1304,4,9,15
YDR485C,VPS72,,dma1208,4,9,16
YEL057C,SDD1,,dma1305,4,9,17
YDR483W,KRE2,,dma1209,4,9,18
YEL056W,HAT2,,dma1306,4,9,19
YDR482C,CWC21,,dma1210,4,9,20
YEL053C,MAK10,,dma1307,4,9,21
YDR481C,PHO8,,dma1211,4,9,22
YEL052W,AFG1,,dma1308,4,9,23
YOR202W,HIS3,,dma1,4,9,24
YOR202W,HIS3,,dma1,4,10,1
YER113C,TMN3,,dma1393,4,10,2
YFL036W,RPO41,,dma1490,4,10,3
YER111C,SWI4,,dma1394,4,10,4
YFL034C-A,RPL22B,,dma1491,4,10,5
YER109C,FLO8,,dma1395,4,10,6
YFL034W,MIL1,,dma1492,4,10,7
YER108C,,,dma1396,4,10,8
YFL034C-A,RPL22B,,dma1493,4,10,9
YER106W,MAM1,,dma1397,4,10,10
YFL032W,,,dma1494,4,10,11
YER101C,AST2,,dma1398,4,10,12
YFL031W,HAC1,,dma1495,4,10,13
YER098W,UBP9,,dma1399,4,10,14
YFL030W,AGX1,,dma1496,4,10,15
YER097W,,,dma1400,4,10,16
YFL028C,CAF16,,dma1497,4,10,17
YER096W,SHC1,,dma1401,4,10,18
YFL027C,GYP8,,dma1498,4,10,19
YER095W,RAD51,,dma1402,4,10,20
YFL026W,STE2,,dma1499,4,10,21
YER093C-A,AIM11,,dma1403,4,10,22
YFL025C,BST1,,dma1500,4,10,23
YOR202W,HIS3,,dma1,4,10,24
YOR202W,HIS3,,dma1,4,11,1
YDR512C,EMI1,,dma1213,4,11,2
YER010C,,,dma1310,4,11,3
YDR511W,SDH7,,dma1214,4,11,4
YER007W,PAC2,,dma1311,4,11,5
YDR509W,,,dma1215,4,11,6
YER007C-A,TMA20,,dma1312,4,11,7
YDR508C,GNP1,,dma1216,4,11,8
YER005W,YND1,,dma1313,4,11,9
YDR506C,GMC1,,dma1217,4,11,10
YER004W,FMP52,,dma1314,4,11,11
YDR505C,PSP1,,dma1218,4,11,12
YER002W,NOP16,,dma1315,4,11,13
YDR504C,SPG3,,dma1219,4,11,14
YER001W,MNN1,,dma1316,4,11,15
YDR503C,LPP1,,dma1220,4,11,16
YEL071W,DLD3,,dma1317,4,11,17
YDR501W,PLM2,,dma1221,4,11,18
YEL068C,,,dma1318,4,11,19
YDR500C,RPL37B,,dma1222,4,11,20
YEL067C,,,dma1319,4,11,21
YDR497C,ITR1,,dma1223,4,11,22
YEL066W,HPA3,,dma1320,4,11,23
YOR202W,HIS3,,dma1,4,11,24
YOR202W,HIS3,,dma1,4,12,1
YER124C,DSE1,,dma1405,4,12,2
YFL051C,,,dma1502,4,12,3
YER123W,YCK3,,dma1406,4,12,4
YFL050C,ALR2,,dma1503,4,12,5
YER121W,,,dma1407,4,12,6
YFL049W,SWP82,,dma1504,4,12,7
YER120W,SCS2,,dma1408,4,12,8
YFL048C,EMP47,,dma1505,4,12,9
YER119C-A,,,dma1409,4,12,10
YFL047W,RGD2,,dma1506,4,12,11
YER119C,AVT6,,dma1410,4,12,12
YFL046W,FMP32,,dma1507,4,12,13
YER118C,SHO1,,dma1411,4,12,14
YFL044C,OTU1,,dma1508,4,12,15
YER117W,RPL23B,,dma1412,4,12,16
YFL043C,,,dma1509,4,12,17
YER116C,SLX8,slx8-supp1,dma1413,4,12,18
YFL042C,LAM5,,dma1510,4,12,19
YER115C,SPR6,,dma1414,4,12,20
YFL041W,FET5,,dma1511,4,12,21
YER114C,BOI2,,dma1415,4,12,22
YFL040W,,,dma1512,4,12,23
YOR202W,HIS3,,dma1,4,12,24
YOR202W,HIS3,,dma1,4,13,1
YDR528W,HLR1,,dma1225,4,13,2
YER032W,FIR1,,dma1322,4,13,3
YDR525W-A,SNA2,,dma1226,4,13,4
YER031C,YPT31,,dma1323,4,13,5
YDR525W,API2,,dma1227,4,13,6
YER030W,CHZ1,,dma1324,4,13,7
YDR524C,AGE1,,dma1228,4,13,8
YER028C,MIG3,,dma1325,4,13,9
YDR522C,SPS2,,dma1229,4,13,10
YER027C,GAL83,,dma1326,4,13,11
YDR520C,URC2,,dma1230,4,13,12
YER024W,YAT2,,dma1327,4,13,13
YDR519W,FPR2,,dma1231,4,13,14
YER020W,GPA2,,dma1328,4,13,15
YDR517W,GRH1,,dma1232,4,13,16
YER019W,ISC1,isc1-supp2,dma1329,4,13,17
YDR516C,EMI2,,dma1233,4,13,18
YER019C-A,SBH2,,dma1330,4,13,19
YDR514C,,,dma1234,4,13,20
YER016W,BIM1,,dma1331,4,13,21
YDR513W,GRX2,,dma1235,4,13,22
YER011W,TIR1,,dma1332,4,13,23
YOR202W,HIS3,,dma1,4,13,24
YOR202W,HIS3,,dma1,4,14,1
YER142C,MAG1,,dma1417,4,14,2
YFR011C,MIC19,,dma1514,4,14,3
YER140W,EMP65,,dma1418,4,14,4
YFR010W,UBP6,,dma1515,4,14,5
YER139C,RTR1,,dma1419,4,14,6
YFR009W,GCN20,,dma1516,4,14,7
YER137C,,,dma1420,4,14,8
YFR008W,FAR7,,dma1517,4,14,9
YER135C,,,dma1421,4,14,10
YFR007W,YFH7,,dma1518,4,14,11
YER134C,,,dma1422,4,14,12
YFR006W,,,dma1519,4,14,13
YER132C,PMD1,,dma1423,4,14,14
YFL056C,AAD6,,dma1520,4,14,15
YER131W,RPS26B,,dma1424,4,14,16
YFL055W,AGP3,,dma1521,4,14,17
YER130C,COM2,,dma1425,4,14,18
YFL054C,,,dma1522,4,14,19
YER129W,SAK1,,dma1426,4,14,20
YFL053W,DAK2,,dma1523,4,14,21
YER128W,VFA1,,dma1427,4,14,22
YFL052W,ZNF1,,dma1524,4,14,23
YOR202W,HIS3,,dma1,4,14,24
YOR202W,HIS3,,dma1,4,15,1
YDR541C,,,dma1237,4,15,2
YER046W,SPO73,,dma1334,4,15,3
YDR540C,IRC4,,dma1238,4,15,4
YER045C,ACA1,,dma1335,4,15,5
YDR539W,FDC1,,dma1239,4,15,6
YER044C-A,MEI4,,dma1336,4,15,7
YDR538W,PAD1,,dma1240,4,15,8
YER042W,MXR1,,dma1337,4,15,9
YDR537C,,,dma1241,4,15,10
YER039C-A,,,dma1338,4,15,11
YDR536W,STL1,,dma1242,4,15,12
YER041W,YEN1,,dma1339,4,15,13
YDR535C,,,dma1243,4,15,14
YER039C,HVG1,,dma1340,4,15,15
YDR534C,FIT1,,dma1244,4,15,16
YER038W-A,,,dma1341,4,15,17
YDR533C,HSP31,,dma1245,4,15,18
YER035W,EDC2,,dma1342,4,15,19
YDR532C,KRE28,,dma1246,4,15,20
YER034W,,,dma1343,4,15,21
YDR530C,APA2,,dma1247,4,15,22
YER033C,ZRG8,,dma1344,4,15,23
YOR202W,HIS3,,dma1,4,15,24
YOR202W,HIS3,,dma1,4,16,1
YOR202W,HIS3,,dma1,4,16,2
YOR202W,HIS3,,dma1,4,16,3
YOR202W,HIS3,,dma1,4,16,4
YOR202W,HIS3,,dma1,4,16,5
YOR202W,HIS3,,dma1,4,16,6
YOR202W,HIS3,,dma1,4,16,7
YOR202W,HIS3,,dma1,4,16,8
YOR202W,HIS3,,dma1,4,16,9
YOR202W,HIS3,,dma1,4,16,10
YOR202W,HIS3,,dma1,4,16,11
YOR202W,HIS3,,dma1,4,16,12
YOR202W,HIS3,,dma1,4,16,13
YOR202W,HIS3,,dma1,4,16,14
YOR202W,HIS3,,dma1,4,16,15
YOR202W,HIS3,,dma1,4,16,16
YOR202W,HIS3,,dma1,4,16,17
YOR202W,HIS3,,dma1,4,16,18
YOR202W,HIS3,,dma1,4,16,19
YOR202W,HIS3,,dma1,4,16,20
YOR202W,HIS3,,dma1,4,16,21
YOR202W,HIS3,,dma1,4,16,22
YOR202W,HIS3,,dma1,4,16,23
YOR202W,HIS3,,dma1,4,16,24
YOR202W,HIS3,,dma1,5,1,1
YOR202W,HIS3,,dma1,5,1,2
YOR202W,HIS3,,dma1,5,1,3
YOR202W,HIS3,,dma1,5,1,4
YOR202W,HIS3,,dma1,5,1,5
YOR202W,HIS3,,dma1,5,1,6
YOR202W,HIS3,,dma1,5,1,7
YOR202W,HIS3,,dma1,5,1,8
YOR202W,HIS3,,dma1,5,1,9
YOR202W,HIS3,,dma1,5,1,10
YOR202W,HIS3,,dma1,5,1,11
YOR202W,HIS3,,dma1,5,1,12
YOR202W,HIS3,,dma1,5,1,13
YOR202W,HIS3,,dma1,5,1,14
YOR202W,HIS3,,dma1,5,1,15
YOR202W,HIS3,,dma1,5,1,16
YOR202W,HIS3,,dma1,5,1,17
YOR202W,HIS3,,dma1,5,1,18
YOR202W,HIS3,,dma1,5,1,19
YOR202W,HIS3,,dma1,5,1,20
YOR202W,HIS3,,dma1,5,1,21
YOR202W,HIS3,,dma1,5,1,22
YOR202W,HIS3,,dma1,5,1,23
YOR202W,HIS3,,dma1,5,1,24
YOR202W,HIS3,,dma1,5,2,1
YGL215W,CLG1,,dma1729,5,2,2
YGR051C,,,dma1826,5,2,3
YGL214W,,,dma1730,5,2,4
YGR050C,,,dma1827,5,2,5
YGL213C,SKI8,,dma1731,5,2,6
YGR049W,SCM4,,dma1828,5,2,7
YGL212W,VAM7,,dma1732,5,2,8
YGR045C,,,dma1829,5,2,9
YGL211W,NCS6,,dma1733,5,2,10
YGR044C,RME1,,dma1830,5,2,11
YGL210W,YPT32,,dma1734,5,2,12
YGR043C,NQM1,,dma1831,5,2,13
YGL209W,MIG2,,dma1735,5,2,14
YGR042W,,,dma1832,5,2,15
YGL208W,SIP2,,dma1736,5,2,16
YGR041W,BUD9,,dma1833,5,2,17
YGL205W,POX1,,dma1737,5,2,18
YGR040W,KSS1,,dma1834,5,2,19
YGL203C,KEX1,,dma1738,5,2,20
YGR039W,,,dma1835,5,2,21
YGL202W,ARO8,,dma1739,5,2,22
YGR038W,ORM1,,dma1836,5,2,23
YOR202W,HIS3,,dma1,5,2,24
YOR202W,HIS3,,dma1,5,3,1
YFR022W,ROG3,,dma1549,5,3,2
YGL083W,SCY1,,dma1646,5,3,3
YFR021W,ATG18,,dma1550,5,3,4
YGL082W,,,dma1647,5,3,5
YFR020W,,,dma1551,5,3,6
YGL081W,,,dma1648,5,3,7
YFR019W,FAB1,fab1-supp1,dma1552,5,3,8
YGL080W,MPC1,,dma1649,5,3,9
YFR018C,,,dma1553,5,3,10
YGL079W,KXD1,,dma1650,5,3,11
YFR017C,IGD1,,dma1554,5,3,12
YGL078C,DBP3,,dma1651,5,3,13
YFR016C,,,dma1555,5,3,14
YGL077C,HNM1,,dma1652,5,3,15
YFR015C,GSY1,,dma1556,5,3,16
YGL067W,NPY1,,dma1653,5,3,17
YFR014C,CMK1,,dma1557,5,3,18
YGL066W,SGF73,,dma1654,5,3,19
YFR013W,IOC3,,dma1558,5,3,20
YGL062W,PYC1,,dma1655,5,3,21
YFR012W,DCV1,,dma1559,5,3,22
YGL060W,YBP2,,dma1656,5,3,23
YOR202W,HIS3,,dma1,5,3,24
YOR202W,HIS3,,dma1,5,4,1
YGL228W,SHE10,,dma1741,5,4,2
YGR077C,PEX8,,dma1838,5,4,3
YGL227W,VID30,,dma1742,5,4,4
YGR072W,UPF3,,dma1839,5,4,5
YGL226W,MTC3,,dma1743,5,4,6
YGR071C,ENV11,,dma1840,5,4,7
YGL226C-A,OST5,,dma1744,5,4,8
YGR070W,ROM1,,dma1841,5,4,9
YGL224C,SDT1,,dma1745,5,4,10
YGR069W,,,dma1842,5,4,11
YGL222C,EDC1,,dma1746,5,4,12
YGR066C,,,dma1843,5,4,13
YGL221C,NIF3,,dma1747,5,4,14
YGR059W,SPR3,,dma1844,5,4,15
YGL219C,MDM34,mdm34-supp1,dma1748,5,4,16
YGR058W,PEF1,,dma1845,5,4,17
YGL218W,,,dma1749,5,4,18
YGR054W,,,dma1846,5,4,19
YGL217C,,,dma1750,5,4,20
YGR053C,,,dma1847,5,4,21
YGL216W,KIP3,,dma1751,5,4,22
YGR052W,FMP48,,dma1848,5,4,23
YOR202W,HIS3,,dma1,5,4,24
YOR202W,HIS3,,dma1,5,5,1
YFR034C,PHO4,,dma1561,5,5,2
YGL109W,,,dma1658,5,5,3
YFR033C,QCR6,,dma1562,5,5,4
YGL108C,,,dma1659,5,5,5
YFR032C-A,RPL29,,dma1563,5,5,6
YGL105W,ARC1,,dma1660,5,5,7
YFR032C,RRT5,,dma1564,5,5,8
YGL104C,VPS73,,dma1661,5,5,9
YFR031C-A,RPL2A,,dma1565,5,5,10
YGL101W,,,dma1662,5,5,11
YFR030W,MET10,,dma1566,5,5,12
YGL090W,LIF1,,dma1663,5,5,13
YFR026C,ULI1,,dma1567,5,5,14
YGL089C,MF(ALPHA)2,,dma1664,5,5,15
YFR025C,HIS2,,dma1568,5,5,16
YGL087C,MMS2,,dma1665,5,5,17
YFR024C-A,LSB3,,dma1569,5,5,18
YGL086W,MAD1,,dma1666,5,5,19
YFR024C,,,dma1570,5,5,20
YGL085W,LCL3,,dma1667,5,5,21
YFR023W,PES4,,dma1571,5,5,22
YGL084C,GUP1,,dma1668,5,5,23
YOR202W,HIS3,,dma1,5,5,24
YOR202W,HIS3,,dma1,5,6,1
YGL243W,TAD1,,dma1753,5,6,2
YGR092W,DBF2,,dma1850,5,6,3
YGL242C,,,dma1754,5,6,4
YGR089W,NNF2,,dma1851,5,6,5
YGL241W,KAP114,,dma1755,5,6,6
YGR088W,CTT1,,dma1852,5,6,7
YGL237C,HAP2,,dma1756,5,6,8
YGR087C,PDC6,,dma1853,5,6,9
YGL236C,MTO1,,dma1757,5,6,10
YGR086C,PIL1,,dma1854,5,6,11
YGL235W,,,dma1758,5,6,12
YGR085C,RPL11B,,dma1855,5,6,13
YGL234W,"ADE5,7",,dma1759,5,6,14
YGR084C,MRP13,,dma1856,5,6,15
YGL232W,TAN1,,dma1760,5,6,16
YGR081C,SLX9,,dma1857,5,6,17
YGL231C,EMC4,,dma1761,5,6,18
YGR080W,TWF1,,dma1858,5,6,19
YGL230C,,,dma1762,5,6,20
YGR079W,,,dma1859,5,6,21
YGL229C,SAP4,,dma1763,5,6,22
YGR078C,PAC10,pac10-supp1,dma1860,5,6,23
YOR202W,HIS3,,dma1,5,6,24
YOR202W,HIS3,,dma1,5,7,1
YFR048W,RMD8,,dma1573,5,7,2
YGL131C,SNT2,,dma1670,5,7,3
YFR047C,BNA6,,dma1574,5,7,4
YGL127C,SOH1,,dma1671,5,7,5
YFR046C,CNN1,,dma1575,5,7,6
YGL126W,SCS3,,dma1672,5,7,7
YFR045W,,,dma1576,5,7,8
YGL125W,MET13,,dma1673,5,7,9
YFR044C,DUG1,,dma1577,5,7,10
YGL124C,MON1,,dma1674,5,7,11
YFR043C,IRC6,,dma1578,5,7,12
YGL121C,GPG1,,dma1675,5,7,13
YFR041C,ERJ5,,dma1579,5,7,14
YGL118C,,,dma1676,5,7,15
YFR040W,SAP155,,dma1580,5,7,16
YGL117W,,,dma1677,5,7,17
YFR039C,OSW7,,dma1581,5,7,18
YGL115W,SNF4,,dma1678,5,7,19
YFR038W,IRC5,,dma1582,5,7,20
YGL114W,,,dma1679,5,7,21
YFR035C,,,dma1583,5,7,22
YGL110C,CUE3,,dma1680,5,7,23
YOR202W,HIS3,,dma1,5,7,24
YOR202W,HIS3,,dma1,5,8,1
YGL257C,MNT2,,dma1765,5,8,2
YGR110W,CLD1,,dma1862,5,8,3
YGL256W,ADH4,,dma1766,5,8,4
YGR109C,CLB6,,dma1863,5,8,5
YGL255W,ZRT1,,dma1767,5,8,6
YGR108W,CLB1,,dma1864,5,8,7
YGL254W,FZF1,,dma1768,5,8,8
YGR107W,,,dma1865,5,8,9
YGL253W,HXK2,,dma1769,5,8,10
YGR106C,VOA1,,dma1866,5,8,11
YGL252C,RTG2,,dma1770,5,8,12
YGR105W,VMA21,,dma1867,5,8,13
YGL251C,HFM1,,dma1771,5,8,14
YGR101W,PCP1,,dma1868,5,8,15
YGL250W,RMR1,rmr1-supp1,dma1772,5,8,16
YGR100W,MDR1,,dma1869,5,8,17
YGL249W,ZIP2,,dma1773,5,8,18
YGR097W,ASK10,,dma1870,5,8,19
YGL248W,PDE1,,dma1774,5,8,20
YGR096W,TPC1,,dma1871,5,8,21
YGL244W,RTF1,,dma1775,5,8,22
YGR093W,DRN1,,dma1872,5,8,23
YOR202W,HIS3,,dma1,5,8,24
YOR202W,HIS3,,dma1,5,9,1
YGL007W,BRP1,,dma1585,5,9,2
YGL148W,ARO2,,dma1682,5,9,3
YGL006W,PMC1,,dma1586,5,9,4
YGL147C,RPL9A,,dma1683,5,9,5
YGL005C,COG7,,dma1587,5,9,6
YGL146C,RRT6,,dma1684,5,9,7
YGL004C,RPN14,,dma1588,5,9,8
YGL144C,ROG1,,dma1685,5,9,9
YGL002W,ERP6,,dma1589,5,9,10
YGL141W,HUL5,,dma1686,5,9,11
YFR057W,,,dma1590,5,9,12
YGL140C,,,dma1687,5,9,13
YFR056C,,,dma1591,5,9,14
YGL139W,FLC3,,dma1688,5,9,15
YFR055W,IRC7,,dma1592,5,9,16
YGL138C,,,dma1689,5,9,17
YFR054C,,,dma1593,5,9,18
YGL136C,MRM2,,dma1690,5,9,19
YFR053C,HXK1,,dma1594,5,9,20
YGL133W,ITC1,,dma1691,5,9,21
YFR049W,YMR31,,dma1595,5,9,22
YGL132W,,,dma1692,5,9,23
YOR202W,HIS3,,dma1,5,9,24
YOR202W,HIS3,,dma1,5,10,1
YGR008C,STF2,,dma1777,5,10,2
YGR130C,,,dma1874,5,10,3
YGR007W,ECT1,,dma1778,5,10,4
YGR129W,SYF2,,dma1875,5,10,5
YGR004W,PEX31,,dma1779,5,10,6
YGR127W,,,dma1876,5,10,7
YGR003W,CUL3,,dma1780,5,10,8
YGR126W,,,dma1877,5,10,9
YGR001C,EFM5,,dma1781,5,10,10
YGR125W,,,dma1878,5,10,11
YGL263W,COS12,,dma1782,5,10,12
YGR124W,ASN2,,dma1879,5,10,13
YGL262W,,,dma1783,5,10,14
YGR123C,PPT1,,dma1880,5,10,15
YGL261C,PAU11,,dma1784,5,10,16
YGR121C,MEP1,,dma1881,5,10,17
YGL260W,,,dma1785,5,10,18
YGR118W,RPS23A,,dma1882,5,10,19
YGL259W,YPS5,,dma1786,5,10,20
YGR117C,,,dma1883,5,10,21
YGL258W,VEL1,,dma1787,5,10,22
YGR111W,,,dma1884,5,10,23
YOR202W,HIS3,,dma1,5,10,24
YOR202W,HIS3,,dma1,5,11,1
YGL023C,PIB2,,dma1597,5,11,2
YGL161C,YIP5,,dma1694,5,11,3
YGL021W,ALK1,,dma1598,5,11,4
YGL160W,AIM14,,dma1695,5,11,5
YGL020C,GET1,,dma1599,5,11,6
YGL159W,,,dma1696,5,11,7
YGL019W,CKB1,,dma1600,5,11,8
YGL158W,RCK1,,dma1697,5,11,9
YGL017W,ATE1,,dma1601,5,11,10
YGL157W,ARI1,,dma1698,5,11,11
YGL016W,KAP122,,dma1602,5,11,12
YGL156W,AMS1,,dma1699,5,11,13
YGL015C,,,dma1603,5,11,14
YGL154C,LYS5,,dma1700,5,11,15
YGL014W,PUF4,,dma1604,5,11,16
YGL153W,PEX14,,dma1701,5,11,17
YGL013C,PDR1,,dma1605,5,11,18
YGL152C,,,dma1702,5,11,19
YGL010W,MPO1,,dma1606,5,11,20
YGL151W,NUT1,,dma1703,5,11,21
YGL009C,LEU1,,dma1607,5,11,22
YGL149W,,,dma1704,5,11,23
YOR202W,HIS3,,dma1,5,11,24
YOR202W,HIS3,,dma1,5,12,1
YGR022C,,,dma1789,5,12,2
YGR142W,BTN2,,dma1886,5,12,3
YGR021W,,,dma1790,5,12,4
YGR141W,VPS62,,dma1887,5,12,5
YGR019W,UGA1,,dma1791,5,12,6
YGR139W,,,dma1888,5,12,7
YGR018C,,,dma1792,5,12,8
YGR138C,TPO2,,dma1889,5,12,9
YGR017W,,,dma1793,5,12,10
YGR137W,,,dma1890,5,12,11
YGR016W,,,dma1794,5,12,12
YGR136W,LSB1,,dma1891,5,12,13
YGR015C,,,dma1795,5,12,14
YGR135W,PRE9,,dma1892,5,12,15
YGR014W,MSB2,,dma1796,5,12,16
YGR134W,CAF130,,dma1893,5,12,17
YGR012W,,,dma1797,5,12,18
YGR133W,PEX4,,dma1894,5,12,19
YGR011W,,,dma1798,5,12,20
YGR132C,PHB1,phb1-supp1,dma1895,5,12,21
YGR010W,NMA2,,dma1799,5,12,22
YGR131W,FHN1,,dma1896,5,12,23
YOR202W,HIS3,,dma1,5,12,24
YOR202W,HIS3,,dma1,5,13,1
YGL041C,,,dma1609,5,13,2
YGL175C,SAE2,,dma1706,5,13,3
YGL039W,,,dma1610,5,13,4
YGL174W,BUD13,,dma1707,5,13,5
YGL036W,,,dma1611,5,13,6
YGL173C,XRN1,,dma1708,5,13,7
YGL035C,MIG1,,dma1612,5,13,8
YGL170C,SPO74,,dma1709,5,13,9
YGL034C,,,dma1613,5,13,10
YGL168W,HUR1,,dma1710,5,13,11
YGL032C,AGA2,,dma1614,5,13,12
YGL167C,PMR1,,dma1711,5,13,13
YGL031C,RPL24A,,dma1615,5,13,14
YGL166W,CUP2,,dma1712,5,13,15
YGL028C,SCW11,,dma1616,5,13,16
YGL165C,,,dma1713,5,13,17
YGL027C,CWH41,,dma1617,5,13,18
YGL164C,YRB30,,dma1714,5,13,19
YGL026C,TRP5,,dma1618,5,13,20
YGL163C,RAD54,,dma1715,5,13,21
YGL024W,,,dma1619,5,13,22
YGL162W,SUT1,,dma1716,5,13,23
YOR202W,HIS3,,dma1,5,13,24
YOR202W,HIS3,,dma1,5,14,1
YGR037C,ACB1,,dma1801,5,14,2
YGR161C,RTS3,,dma1898,5,14,3
YGR035C,,,dma1802,5,14,4
YGR157W,CHO2,,dma1899,5,14,5
YGR034W,RPL26B,,dma1803,5,14,6
YGR154C,GTO1,,dma1900,5,14,7
YGR033C,TIM21,,dma1804,5,14,8
YGR153W,,,dma1901,5,14,9
YGR032W,GSC2,,dma1805,5,14,10
YGR152C,RSR1,,dma1902,5,14,11
YGR031W,IMO32,,dma1806,5,14,12
YGR151C,,,dma1903,5,14,13
YGR028W,MSP1,,dma1807,5,14,14
YGR149W,,,dma1904,5,14,15
YGR027C,RPS25A,,dma1808,5,14,16
YGR148C,RPL24B,,dma1905,5,14,17
YGR026W,,,dma1809,5,14,18
YGR146C,ECL1,,dma1906,5,14,19
YGR025W,,,dma1810,5,14,20
YGR144W,THI4,,dma1907,5,14,21
YGR023W,MTL1,,dma1811,5,14,22
YGR143W,SKN1,,dma1908,5,14,23
YOR202W,HIS3,,dma1,5,14,24
YOR202W,HIS3,,dma1,5,15,1
YGL059W,PKP2,,dma1621,5,15,2
YGL199C,,,dma1718,5,15,3
YGL058W,RAD6,,dma1622,5,15,4
YGL198W,YIP4,,dma1719,5,15,5
YGL057C,GEP7,,dma1623,5,15,6
YGL197W,MDS3,,dma1720,5,15,7
YGL056C,SDS23,,dma1624,5,15,8
YGL196W,DSD1,,dma1721,5,15,9
YGL054C,ERV14,,dma1625,5,15,10
YGL195W,GCN1,,dma1722,5,15,11
YGL053W,PRM8,,dma1626,5,15,12
YGL194C,HOS2,,dma1723,5,15,13
YGL051W,MST27,,dma1627,5,15,14
YGL181W,GTS1,,dma1724,5,15,15
YGL050W,TYW3,,dma1628,5,15,16
YGL180W,ATG1,,dma1725,5,15,17
YGL046W,,,dma1629,5,15,18
YGL179C,TOS3,,dma1726,5,15,19
YGL045W,RIM8,,dma1630,5,15,20
YGL177W,,,dma1727,5,15,21
YGL043W,DST1,,dma1631,5,15,22
YGL176C,,,dma1728,5,15,23
YOR202W,HIS3,,dma1,5,15,24
YOR202W,HIS3,,dma1,5,16,1
YOR202W,HIS3,,dma1,5,16,2
YOR202W,HIS3,,dma1,5,16,3
YOR202W,HIS3,,dma1,5,16,4
YOR202W,HIS3,,dma1,5,16,5
YOR202W,HIS3,,dma1,5,16,6
YOR202W,HIS3,,dma1,5,16,7
YOR202W,HIS3,,dma1,5,16,8
YOR202W,HIS3,,dma1,5,16,9
YOR202W,HIS3,,dma1,5,16,10
YOR202W,HIS3,,dma1,5,16,11
YOR202W,HIS3,,dma1,5,16,12
YOR202W,HIS3,,dma1,5,16,13
YOR202W,HIS3,,dma1,5,16,14
YOR202W,HIS3,,dma1,5,16,15
YOR202W,HIS3,,dma1,5,16,16
YOR202W,HIS3,,dma1,5,16,17
YOR202W,HIS3,,dma1,5,16,18
YOR202W,HIS3,,dma1,5,16,19
YOR202W,HIS3,,dma1,5,16,20
YOR202W,HIS3,,dma1,5,16,21
YOR202W,HIS3,,dma1,5,16,22
YOR202W,HIS3,,dma1,5,16,23
YOR202W,HIS3,,dma1,5,16,24
YOR202W,HIS3,,dma1,6,1,1
YOR202W,HIS3,,dma1,6,1,2
YOR202W,HIS3,,dma1,6,1,3
YOR202W,HIS3,,dma1,6,1,4
YOR202W,HIS3,,dma1,6,1,5
YOR202W,HIS3,,dma1,6,1,6
YOR202W,HIS3,,dma1,6,1,7
YOR202W,HIS3,,dma1,6,1,8
YOR202W,HIS3,,dma1,6,1,9
YOR202W,HIS3,,dma1,6,1,10
YOR202W,HIS3,,dma1,6,1,11
YOR202W,HIS3,,dma1,6,1,12
YOR202W,HIS3,,dma1,6,1,13
YOR202W,HIS3,,dma1,6,1,14
YOR202W,HIS3,,dma1,6,1,15
YOR202W,HIS3,,dma1,6,1,16
YOR202W,HIS3,,dma1,6,1,17
YOR202W,HIS3,,dma1,6,1,18
YOR202W,HIS3,,dma1,6,1,19
YOR202W,HIS3,,dma1,6,1,20
YOR202W,HIS3,,dma1,6,1,21
YOR202W,HIS3,,dma1,6,1,22
YOR202W,HIS3,,dma1,6,1,23
YOR202W,HIS3,,dma1,6,1,24
YOR202W,HIS3,,dma1,6,2,1
YHR066W,SSF1,,dma2113,6,2,2
YHR181W,SVP26,,dma2210,6,2,3
YHR061C,GIC1,,dma2114,6,2,4
YHR180W,,,dma2211,6,2,5
YHR059W,FYV4,,dma2115,6,2,6
YHR179W,OYE2,,dma2212,6,2,7
YHR057C,CPR2,,dma2116,6,2,8
YHR178W,STB5,,dma2213,6,2,9
YHR050W,SMF2,,dma2117,6,2,10
YHR176W,FMO1,,dma2214,6,2,11
YHR049W,FSH1,,dma2118,6,2,12
YHR171W,ATG7,,dma2215,6,2,13
YHR049C-A,,,dma2119,6,2,14
YHR167W,THP2,,dma2216,6,2,15
YHR048W,YHK8,,dma2120,6,2,16
YHR163W,SOL3,,dma2217,6,2,17
YHR047C,AAP1,,dma2121,6,2,18
YHR162W,MPC2,,dma2218,6,2,19
YHR046C,INM1,,dma2122,6,2,20
YHR161C,YAP1801,,dma2219,6,2,21
YHR045W,,,dma2123,6,2,22
YHR160C,PEX18,,dma2220,6,2,23
YOR202W,HIS3,,dma1,6,2,24
YOR202W,HIS3,,dma1,6,3,1
YGR178C,PBP1,,dma1933,6,3,2
YHL006C,SHU1,,dma2030,6,3,3
YGR177C,ATF2,,dma1934,6,3,4
YHL005C,,,dma2031,6,3,5
YGR176W,,,dma1935,6,3,6
YHL003C,LAG1,,dma2032,6,3,7
YGR174C,CBP4,,dma1936,6,3,8
YHL002W,HSE1,,dma2033,6,3,9
YGR173W,RBG2,,dma1937,6,3,10
YGR295C,COS6,,dma2034,6,3,11
YGR170W,PSD2,,dma1938,6,3,12
YGR290W,,,dma2035,6,3,13
YGR169C,PUS6,,dma1939,6,3,14
YGR288W,MAL13,,dma2036,6,3,15
YGR168C,,,dma1940,6,3,16
YGR287C,IMA1,,dma2037,6,3,17
YGR166W,TRS65,,dma1941,6,3,18
YGR286C,BIO2,,dma2038,6,3,19
YGR164W,,,dma1942,6,3,20
YGR284C,ERV29,,dma2039,6,3,21
YGR163W,GTR2,gtr2-supp1,dma1943,6,3,22
YGR283C,,,dma2040,6,3,23
YOR202W,HIS3,,dma1,6,3,24
YOR202W,HIS3,,dma1,6,4,1
YHR082C,KSP1,,dma2125,6,4,2
YHR200W,RPN10,,dma2222,6,4,3
YHR081W,LRP1,,dma2126,6,4,4
YHR199C,AIM46,,dma2223,6,4,5
YHR080C,LAM4,,dma2127,6,4,6
YHR198C,AIM18,,dma2224,6,4,7
YHR079C-A,SAE3,,dma2128,6,4,8
YHR195W,NVJ1,,dma2225,6,4,9
YHR079C,IRE1,,dma2129,6,4,10
YHR194W,MDM31,,dma2226,6,4,11
YHR078W,,,dma2130,6,4,12
YHR193C,EGD2,,dma2227,6,4,13
YHR077C,NMD2,,dma2131,6,4,14
YHR191C,CTF8,,dma2228,6,4,15
YHR076W,PTC7,,dma2132,6,4,16
YHR189W,PTH1,,dma2229,6,4,17
YHR075C,PPE1,,dma2133,6,4,18
YHR185C,PFS1,,dma2230,6,4,19
YHR073W,OSH3,,dma2134,6,4,20
YHR184W,SSP1,,dma2231,6,4,21
YHR067W,HTD2,,dma2135,6,4,22
YHR182W,,,dma2232,6,4,23
YOR202W,HIS3,,dma1,6,4,24
YOR202W,HIS3,,dma1,6,5,1
YGR196C,FYV8,,dma1945,6,5,2
YHL020C,OPI1,,dma2042,6,5,3
YGR194C,XKS1,,dma1946,6,5,4
YHL019C,APM2,,dma2043,6,5,5
YGR193C,PDX1,,dma1947,6,5,6
YHL017W,,,dma2044,6,5,7
YGR192C,TDH3,,dma1948,6,5,8
YHL016C,DUR3,,dma2045,6,5,9
YGR189C,CRH1,,dma1949,6,5,10
YHL014C,YLF2,,dma2046,6,5,11
YGR188C,BUB1,bub1-supp1,dma1950,6,5,12
YHL013C,OTU2,,dma2047,6,5,13
YGR187C,HGH1,,dma1951,6,5,14
YHL012W,,,dma2048,6,5,15
YGR184C,UBR1,,dma1952,6,5,16
YHL010C,ETP1,,dma2049,6,5,17
YGR183C,QCR9,,dma1953,6,5,18
YHL009C,YAP3,,dma2050,6,5,19
YGR182C,,,dma1954,6,5,20
YHL008C,,,dma2051,6,5,21
YGR181W,TIM13,,dma1955,6,5,22
YHL007C,STE20,,dma2052,6,5,23
YOR202W,HIS3,,dma1,6,5,24
YOR202W,HIS3,,dma1,6,6,1
YHR105W,YPT35,,dma2137,6,6,2
YIL006W,YIA6,,dma2234,6,6,3
YHR104W,GRE3,,dma2138,6,6,4
YIL005W,EPS1,,dma2235,6,6,5
YHR103W,SBE22,,dma2139,6,6,6
YIL002C,INP51,,dma2236,6,6,7
YHR097C,,,dma2140,6,6,8
YIL001W,,,dma2237,6,6,9
YHR096C,HXT5,,dma2141,6,6,10
YHR210C,,,dma2238,6,6,11
YHR095W,,,dma2142,6,6,12
YHR209W,CRG1,,dma2239,6,6,13
YHR094C,HXT1,,dma2143,6,6,14
YHR207C,SET5,,dma2240,6,6,15
YHR093W,AHT1,,dma2144,6,6,16
YHR206W,SKN7,,dma2241,6,6,17
YHR092C,HXT4,,dma2145,6,6,18
YHR204W,MNL1,,dma2242,6,6,19
YHR087W,RTC3,,dma2146,6,6,20
YHR203C,RPS4B,,dma2243,6,6,21
YHR086W,NAM8,,dma2147,6,6,22
YHR202W,,,dma2244,6,6,23
YOR202W,HIS3,,dma1,6,6,24
YOR202W,HIS3,,dma1,6,7,1
YGR209C,TRX2,,dma1957,6,7,2
YHL031C,GOS1,gos1-supp1,dma2054,6,7,3
YGR208W,SER2,,dma1958,6,7,4
YHL030W,ECM29,,dma2055,6,7,5
YGR207C,CIR1,,dma1959,6,7,6
YHL029C,OCA5,,dma2056,6,7,7
YGR206W,MVB12,,dma1960,6,7,8
YHL028W,WSC4,,dma2057,6,7,9
YGR205W,TDA10,,dma1961,6,7,10
YHL027W,RIM101,,dma2058,6,7,11
YGR203W,YCH1,,dma1962,6,7,12
YHL026C,,,dma2059,6,7,13
YGR202C,PCT1,,dma1963,6,7,14
YHL025W,SNF6,,dma2060,6,7,15
YGR201C,,,dma1964,6,7,16
YHL024W,RIM4,,dma2061,6,7,17
YGR200C,ELP2,,dma1965,6,7,18
YHL023C,NPR3,,dma2062,6,7,19
YGR199W,PMT6,,dma1966,6,7,20
YHL022C,SPO11,,dma2063,6,7,21
YGR197C,SNG1,,dma1967,6,7,22
YHL021C,AIM17,,dma2064,6,7,23
YOR202W,HIS3,,dma1,6,7,24
YOR202W,HIS3,,dma1,6,8,1
YHR117W,TOM71,,dma2149,6,8,2
YIL016W,SNL1,,dma2246,6,8,3
YHR116W,COX23,,dma2150,6,8,4
YIL015W,BAR1,,dma2247,6,8,5
YHR115C,DMA1,,dma2151,6,8,6
YIL014C-A,,,dma2248,6,8,7
YHR114W,BZZ1,,dma2152,6,8,8
YIL014W,MNT3,,dma2249,6,8,9
YHR113W,APE4,,dma2153,6,8,10
YIL013C,PDR11,,dma2250,6,8,11
YHR112C,,,dma2154,6,8,12
YIL012W,,,dma2251,6,8,13
YHR111W,UBA4,,dma2155,6,8,14
YIL011W,TIR3,,dma2252,6,8,15
YHR110W,ERP5,,dma2156,6,8,16
YIL010W,DOT5,,dma2253,6,8,17
YHR109W,CTM1,,dma2157,6,8,18
YIL009C-A,EST3,,dma2254,6,8,19
YHR108W,GGA2,,dma2158,6,8,20
YIL008W,URM1,,dma2255,6,8,21
YHR106W,TRR2,,dma2159,6,8,22
YIL007C,NAS2,,dma2256,6,8,23
YOR202W,HIS3,,dma1,6,8,24
YOR202W,HIS3,,dma1,6,9,1
YGR227W,DIE2,,dma1969,6,9,2
YHL043W,ECM34,,dma2066,6,9,3
YGR226C,,,dma1970,6,9,4
YHL042W,,,dma2067,6,9,5
YGR225W,AMA1,,dma1971,6,9,6
YHL041W,,,dma2068,6,9,7
YGR224W,AZR1,,dma1972,6,9,8
YHL040C,ARN1,,dma2069,6,9,9
YGR223C,HSV2,,dma1973,6,9,10
YHL039W,EFM1,,dma2070,6,9,11
YGR221C,TOS2,,dma1974,6,9,12
YHL037C,,,dma2071,6,9,13
YGR217W,CCH1,,dma1975,6,9,14
YHL036W,MUP3,,dma2072,6,9,15
YGR214W,RPS0A,,dma1976,6,9,16
YHL035C,VMR1,,dma2073,6,9,17
YGR213C,RTA1,,dma1977,6,9,18
YHL034C,SBP1,,dma2074,6,9,19
YGR212W,SLI1,,dma1978,6,9,20
YHL033C,RPL8A,,dma2075,6,9,21
YGR210C,,,dma1979,6,9,22
YHL032C,GUT1,,dma2076,6,9,23
YOR202W,HIS3,,dma1,6,9,24
YOR202W,HIS3,,dma1,6,10,1
YHR132W-A,IGO2,,dma2161,6,10,2
YIL034C,CAP2,,dma2258,6,10,3
YHR132C,ECM14,,dma2162,6,10,4
YIL032C,,,dma2259,6,10,5
YHR131C,,,dma2163,6,10,6
YIL030C,SSM4,,dma2260,6,10,7
YHR130C,,,dma2164,6,10,8
YIL029C,,,dma2261,6,10,9
YHR129C,ARP1,,dma2165,6,10,10
YIL028W,,,dma2262,6,10,11
YHR127W,,,dma2166,6,10,12
YIL027C,EMC5,,dma2263,6,10,13
YHR126C,ANS1,,dma2167,6,10,14
YIL025C,,,dma2264,6,10,15
YHR125W,,,dma2168,6,10,16
YIL024C,,,dma2265,6,10,17
YHR124W,NDT80,,dma2169,6,10,18
YIL023C,YKE4,,dma2266,6,10,19
YHR123W,EPT1,,dma2170,6,10,20
YIL020C,HIS6,,dma2267,6,10,21
YHR121W,LSM12,,dma2171,6,10,22
YIL017C,VID28,,dma2268,6,10,23
YOR202W,HIS3,,dma1,6,10,24
YOR202W,HIS3,,dma1,6,11,1
YGR238C,KEL2,,dma1981,6,11,2
YHR012W,VPS29,,dma2078,6,11,3
YGR237C,,,dma1982,6,11,4
YHR009C,TDA3,,dma2079,6,11,5
YGR236C,SPG1,,dma1983,6,11,6
YHR006W,STP2,,dma2080,6,11,7
YGR235C,MIC26,,dma1984,6,11,8
YHR005C,GPA1,,dma2081,6,11,9
YGR234W,YHB1,,dma1985,6,11,10
YHR004C,NEM1,,dma2082,6,11,11
YGR233C,PHO81,,dma1986,6,11,12
YHR003C,TCD1,,dma2083,6,11,13
YGR231C,PHB2,,dma1987,6,11,14
YHR001W-A,QCR10,,dma2084,6,11,15
YGR232W,NAS6,,dma1988,6,11,16
YHL047C,ARN2,,dma2085,6,11,17
YGR230W,BNS1,,dma1989,6,11,18
YHL046C,PAU13,,dma2086,6,11,19
YGR229C,SMI1,,dma1990,6,11,20
YHL045W,,,dma2087,6,11,21
YGR228W,,,dma1991,6,11,22
YHL044W,,,dma2088,6,11,23
YOR202W,HIS3,,dma1,6,11,24
YOR202W,HIS3,,dma1,6,12,1
YHR143W,DSE2,,dma2173,6,12,2
YIL045W,PIG2,,dma2270,6,12,3
YHR142W,CHS7,,dma2174,6,12,4
YIL044C,AGE2,,dma2271,6,12,5
YHR140W,,,dma2175,6,12,6
YIL043C,CBR1,,dma2272,6,12,7
YHR139C-A,,,dma2176,6,12,8
YIL042C,PKP1,,dma2273,6,12,9
YHR139C,SPS100,,dma2177,6,12,10
YIL041W,GVP36,,dma2274,6,12,11
YHR138C,,,dma2178,6,12,12
YIL040W,APQ12,,dma2275,6,12,13
YHR137W,ARO9,,dma2179,6,12,14
YIL039W,TED1,,dma2276,6,12,15
YHR136C,SPL2,,dma2180,6,12,16
YIL038C,NOT3,,dma2277,6,12,17
YHR135C,YCK1,,dma2181,6,12,18
YIL037C,PRM2,,dma2278,6,12,19
YHR134W,WSS1,,dma2182,6,12,20
YIL036W,CST6,,dma2279,6,12,21
YHR133C,NSG1,,dma2183,6,12,22
YIL035C,CKA1,,dma2280,6,12,23
YOR202W,HIS3,,dma1,6,12,24
YOR202W,HIS3,,dma1,6,13,1
YGR259C,,,dma1993,6,13,2
YHR029C,YHI9,,dma2090,6,13,3
YGR256W,GND2,,dma1994,6,13,4
YHR028C,DAP2,,dma2091,6,13,5
YGR250C,,,dma1995,6,13,6
YHR025W,THR1,,dma2092,6,13,7
YGR249W,MGA1,,dma1996,6,13,8
YHR022C,,,dma2093,6,13,9
YGR248W,SOL4,,dma1997,6,13,10
YHR021W-A,ECM12,,dma2094,6,13,11
YGR247W,CPD1,,dma1998,6,13,12
YHR021C,RPS27B,,dma2095,6,13,13
YGR244C,LSC2,,dma1999,6,13,14
YHR018C,ARG4,,dma2096,6,13,15
YGR243W,MPC3,,dma2000,6,13,16
YHR017W,YSC83,,dma2097,6,13,17
YGR242W,,,dma2001,6,13,18
YHR016C,YSC84,,dma2098,6,13,19
YGR241C,YAP1802,,dma2002,6,13,20
YHR015W,MIP6,,dma2099,6,13,21
YGR239C,PEX21,,dma2003,6,13,22
YHR014W,SPO13,,dma2100,6,13,23
YOR202W,HIS3,,dma1,6,13,24
YOR202W,HIS3,,dma1,6,14,1
YHR159W,TDA11,,dma2185,6,14,2
YIL059C,,,dma2282,6,14,3
YHR158C,KEL1,,dma2186,6,14,4
YIL058W,,,dma2283,6,14,5
YHR157W,REC104,,dma2187,6,14,6
YIL057C,RGI2,,dma2284,6,14,7
YHR156C,LIN1,,dma2188,6,14,8
YIL056W,VHR1,,dma2285,6,14,9
YHR155W,LAM1,,dma2189,6,14,10
YIL055C,,,dma2286,6,14,11
YHR154W,RTT107,,dma2190,6,14,12
YIL054W,,,dma2287,6,14,13
YHR153C,SPO16,,dma2191,6,14,14
YIL053W,GPP1,,dma2288,6,14,15
YHR152W,SPO12,,dma2192,6,14,16
YIL052C,RPL34B,,dma2289,6,14,17
YHR151C,MTC6,,dma2193,6,14,18
YIL050W,PCL7,,dma2290,6,14,19
YHR150W,PEX28,,dma2194,6,14,20
YIL049W,DFG10,,dma2291,6,14,21
YHR146W,CRP1,,dma2195,6,14,22
YIL047C,SYG1,,dma2292,6,14,23
YOR202W,HIS3,,dma1,6,14,24
YOR202W,HIS3,,dma1,6,15,1
YGR282C,BGL2,,dma2005,6,15,2
YHR044C,DOG1,,dma2102,6,15,3
YGR281W,YOR1,,dma2006,6,15,4
YHR043C,DOG2,,dma2103,6,15,5
YGR279C,SCW4,,dma2007,6,15,6
YHR041C,SRB2,,dma2104,6,15,7
YGR275W,RTT102,,dma2008,6,15,8
YHR039C,MSC7,,dma2105,6,15,9
YGR270W,YTA7,,dma2009,6,15,10
YHR037W,PUT2,,dma2106,6,15,11
YGR269W,,,dma2010,6,15,12
YHR035W,NEL1,,dma2107,6,15,13
YGR268C,HUA1,,dma2011,6,15,14
YHR034C,PIH1,,dma2108,6,15,15
YGR266W,,,dma2012,6,15,16
YHR033W,,,dma2109,6,15,17
YGR263C,SAY1,,dma2013,6,15,18
YHR032W,ERC1,,dma2110,6,15,19
YGR261C,APL6,,dma2014,6,15,20
YHR031C,RRM3,,dma2111,6,15,21
YGR260W,TNA1,,dma2015,6,15,22
YHR030C,SLT2,,dma2112,6,15,23
YOR202W,HIS3,,dma1,6,15,24
YOR202W,HIS3,,dma1,6,16,1
YOR202W,HIS3,,dma1,6,16,2
YOR202W,HIS3,,dma1,6,16,3
YOR202W,HIS3,,dma1,6,16,4
YOR202W,HIS3,,dma1,6,16,5
YOR202W,HIS3,,dma1,6,16,6
YOR202W,HIS3,,dma1,6,16,7
YOR202W,HIS3,,dma1,6,16,8
YOR202W,HIS3,,dma1,6,16,9
YOR202W,HIS3,,dma1,6,16,10
YOR202W,HIS3,,dma1,6,16,11
YOR202W,HIS3,,dma1,6,16,12
YOR202W,HIS3,,dma1,6,16,13
YOR202W,HIS3,,dma1,6,16,14
YOR202W,HIS3,,dma1,6,16,15
YOR202W,HIS3,,dma1,6,16,16
YOR202W,HIS3,,dma1,6,16,17
YOR202W,HIS3,,dma1,6,16,18
YOR202W,HIS3,,dma1,6,16,19
YOR202W,HIS3,,dma1,6,16,20
YOR202W,HIS3,,dma1,6,16,21
YOR202W,HIS3,,dma1,6,16,22
YOR202W,HIS3,,dma1,6,16,23
YOR202W,HIS3,,dma1,6,16,24
YOR202W,HIS3,,dma1,7,1,1
YOR202W,HIS3,,dma1,7,1,2
YOR202W,HIS3,,dma1,7,1,3
YOR202W,HIS3,,dma1,7,1,4
YOR202W,HIS3,,dma1,7,1,5
YOR202W,HIS3,,dma1,7,1,6
YOR202W,HIS3,,dma1,7,1,7
YOR202W,HIS3,,dma1,7,1,8
YOR202W,HIS3,,dma1,7,1,9
YOR202W,HIS3,,dma1,7,1,10
YOR202W,HIS3,,dma1,7,1,11
YOR202W,HIS3,,dma1,7,1,12
YOR202W,HIS3,,dma1,7,1,13
YOR202W,HIS3,,dma1,7,1,14
YOR202W,HIS3,,dma1,7,1,15
YOR202W,HIS3,,dma1,7,1,16
YOR202W,HIS3,,dma1,7,1,17
YOR202W,HIS3,,dma1,7,1,18
YOR202W,HIS3,,dma1,7,1,19
YOR202W,HIS3,,dma1,7,1,20
YOR202W,HIS3,,dma1,7,1,21
YOR202W,HIS3,,dma1,7,1,22
YOR202W,HIS3,,dma1,7,1,23
YOR202W,HIS3,,dma1,7,1,24
YOR202W,HIS3,,dma1,7,2,1
YJL110C,GZF3,,dma2497,7,2,2
YJL215C,,,dma2594,7,2,3
YJL108C,PRM10,,dma2498,7,2,4
YJL214W,HXT8,,dma2595,7,2,5
YJL105W,SET4,,dma2499,7,2,6
YJL213W,,,dma2596,7,2,7
YJL101C,GSH1,,dma2500,7,2,8
YJL212C,OPT1,,dma2597,7,2,9
YJL100W,LSB6,,dma2501,7,2,10
YJL211C,,,dma2598,7,2,11
YJL099W,CHS6,,dma2502,7,2,12
YJL210W,PEX2,,dma2599,7,2,13
YJL098W,SAP185,,dma2503,7,2,14
YJL208C,NUC1,,dma2600,7,2,15
YJL095W,BCK1,,dma2504,7,2,16
YJL207C,LAA1,,dma2601,7,2,17
YJL094C,KHA1,,dma2505,7,2,18
YJL205C,NCE101,,dma2602,7,2,19
YJL093C,TOK1,,dma2506,7,2,20
YJL206C,,,dma2603,7,2,21
YJL089W,SIP4,,dma2507,7,2,22
YJL204C,RCY1,,dma2604,7,2,23
YOR202W,HIS3,,dma1,7,2,24
YOR202W,HIS3,,dma1,7,3,1
YIL076W,SEC28,,dma2317,7,3,2
YIR020C,,,dma2414,7,3,3
YIL074C,SER33,,dma2318,7,3,4
YIR019C,FLO11,,dma2415,7,3,5
YIL073C,SPO22,,dma2319,7,3,6
YIR018W,YAP5,,dma2416,7,3,7
YIL072W,HOP1,,dma2320,7,3,8
YIR017C,MET28,,dma2417,7,3,9
YIL071C,PCI8,,dma2321,7,3,10
YIR016W,,,dma2418,7,3,11
YIL070C,MAM33,,dma2322,7,3,12
YIR014W,,,dma2419,7,3,13
YIL067C,,,dma2323,7,3,14
YIR013C,GAT4,,dma2420,7,3,15
YIL066C,RNR3,,dma2324,7,3,16
YIR009W,MSL1,,dma2421,7,3,17
YIL065C,FIS1,,dma2325,7,3,18
YIR007W,EGH1,,dma2422,7,3,19
YIL064W,EFM4,,dma2326,7,3,20
YIR005W,IST3,,dma2423,7,3,21
YIL060W,,,dma2327,7,3,22
YIR003W,AIM21,,dma2424,7,3,23
YOR202W,HIS3,,dma1,7,3,24
YOR202W,HIS3,,dma1,7,4,1
YJL131C,AIM23,,dma2509,7,4,2
YJR011C,,,dma2606,7,4,3
YJL130C,URA2,,dma2510,7,4,4
YJR010W,MET3,,dma2607,7,4,5
YJL128C,PBS2,,dma2511,7,4,6
YJR010C-A,SPC1,,dma2608,7,4,7
YJL126W,NIT2,,dma2512,7,4,8
YJR009C,TDH2,,dma2609,7,4,9
YJL124C,LSM1,,dma2513,7,4,10
YJR008W,MHO1,,dma2610,7,4,11
YJL123C,MTC1,,dma2514,7,4,12
YJR005W,APL1,,dma2611,7,4,13
YJL122W,ALB1,,dma2515,7,4,14
YJR003C,MRX12,,dma2612,7,4,15
YJL121C,RPE1,,dma2516,7,4,16
YJR001W,AVT1,,dma2613,7,4,17
YJL116C,NCA3,,dma2517,7,4,18
YJL218W,,,dma2614,7,4,19
YJL115W,ASF1,,dma2518,7,4,20
YJL217W,REE1,,dma2615,7,4,21
YJL112W,MDV1,,dma2519,7,4,22
YJL216C,IMA5,,dma2616,7,4,23
YOR202W,HIS3,,dma1,7,4,24
YOR202W,HIS3,,dma1,7,5,1
YIL095W,PRK1,,dma2329,7,5,2
YIR033W,MGA2,,dma2426,7,5,3
YIL093C,RSM25,,dma2330,7,5,4
YIR032C,DAL3,,dma2427,7,5,5
YIL092W,,,dma2331,7,5,6
YIR031C,DAL7,,dma2428,7,5,7
YIL090W,ICE2,,dma2332,7,5,8
YIR030C,DCG1,,dma2429,7,5,9
YIL089W,,,dma2333,7,5,10
YIR029W,DAL2,,dma2430,7,5,11
YIL088C,AVT7,,dma2334,7,5,12
YIR028W,DAL4,,dma2431,7,5,13
YIL087C,AIM19,,dma2335,7,5,14
YIR027C,DAL1,,dma2432,7,5,15
YIL086C,,,dma2336,7,5,16
YIR025W,MND2,,dma2433,7,5,17
YIL084C,SDS3,,dma2337,7,5,18
YIR024C,INA22,,dma2434,7,5,19
YIL079C,AIR1,,dma2338,7,5,20
YIR023W,DAL81,,dma2435,7,5,21
YIL077C,,,dma2339,7,5,22
YIR020W-A,,,dma2436,7,5,23
YOR202W,HIS3,,dma1,7,5,24
YOR202W,HIS3,,dma1,7,6,1
YJL144W,,,dma2521,7,6,2
YJR032W,CPR7,,dma2618,7,6,3
YJL142C,IRC9,,dma2522,7,6,4
YJR031C,GEA1,,dma2619,7,6,5
YJL141C,YAK1,,dma2523,7,6,6
YJR030C,,,dma2620,7,6,7
YJL139C,YUR1,,dma2524,7,6,8
YJR026W,,,dma2621,7,6,9
YJL138C,TIF2,,dma2525,7,6,10
YJR025C,BNA1,,dma2622,7,6,11
YJL137C,GLG2,,dma2526,7,6,12
YJR024C,MDE1,,dma2623,7,6,13
YJL136C,RPS21B,,dma2527,7,6,14
YJR021C,REC107,,dma2624,7,6,15
YJL135W,,,dma2528,7,6,16
YJR020W,,,dma2625,7,6,17
YJL134W,LCB3,,dma2529,7,6,18
YJR019C,TES1,,dma2626,7,6,19
YJL133W,MRS3,,dma2530,7,6,20
YJR015W,,,dma2627,7,6,21
YJL132W,,,dma2531,7,6,22
YJR014W,TMA22,,dma2628,7,6,23
YOR202W,HIS3,,dma1,7,6,24
YOR202W,HIS3,,dma1,7,7,1
YIL110W,HPM1,,dma2341,7,7,2
YJL007C,,,dma2438,7,7,3
YIL108W,,,dma2342,7,7,4
YJL004C,SYS1,,dma2439,7,7,5
YIL107C,PFK26,,dma2343,7,7,6
YIR044C,,,dma2440,7,7,7
YIL105C,SLM1,,dma2344,7,7,8
YIR043C,,,dma2441,7,7,9
YIL103W,DPH1,,dma2345,7,7,10
YIR042C,,,dma2442,7,7,11
YIL101C,XBP1,,dma2346,7,7,12
YIR039C,YPS6,,dma2443,7,7,13
YIL100W,,,dma2347,7,7,14
YIR038C,GTT1,,dma2444,7,7,15
YIL099W,SGA1,,dma2348,7,7,16
YIR037W,HYR1,,dma2445,7,7,17
YIL098C,FMC1,,dma2349,7,7,18
YIR036C,IRC24,,dma2446,7,7,19
YIL097W,FYV10,,dma2350,7,7,20
YIR035C,,,dma2447,7,7,21
YIL096C,BMT5,,dma2351,7,7,22
YIR034C,LYS1,,dma2448,7,7,23
YOR202W,HIS3,,dma1,7,7,24
YOR202W,HIS3,,dma1,7,8,1
YJL155C,FBP26,,dma2533,7,8,2
YJR050W,ISY1,,dma2630,7,8,3
YJL154C,VPS35,,dma2534,7,8,4
YJR049C,UTR1,,dma2631,7,8,5
YJL153C,INO1,,dma2535,7,8,6
YJR048W,CYC1,,dma2632,7,8,7
YJL152W,,,dma2536,7,8,8
YJR047C,ANB1,,dma2633,7,8,9
YJL151C,SNA3,,dma2537,7,8,10
YJR043C,POL32,,dma2634,7,8,11
YJL150W,,,dma2538,7,8,12
YJR040W,GEF1,,dma2635,7,8,13
YJL149W,DAS1,,dma2539,7,8,14
YJR038C,,,dma2636,7,8,15
YJL148W,RPA34,,dma2540,7,8,16
YJR037W,,,dma2637,7,8,17
YJL147C,MRX5,,dma2541,7,8,18
YJR036C,HUL4,,dma2638,7,8,19
YJL146W,IDS2,,dma2542,7,8,20
YJR035W,RAD26,,dma2639,7,8,21
YJL145W,SFH5,,dma2543,7,8,22
YJR033C,RAV1,,dma2640,7,8,23
YOR202W,HIS3,,dma1,7,8,24
YOR202W,HIS3,,dma1,7,9,1
YIL130W,ASG1,,dma2353,7,9,2
YJL028W,,,dma2450,7,9,3
YIL128W,MET18,,dma2354,7,9,4
YJL027C,,,dma2451,7,9,5
YIL124W,AYR1,,dma2355,7,9,6
YJL024C,APS3,,dma2452,7,9,7
YIL123W,SIM1,,dma2356,7,9,8
YJL023C,PET130,,dma2453,7,9,9
YIL120W,QDR1,,dma2357,7,9,10
YJL022W,,,dma2454,7,9,11
YIL119C,RPI1,,dma2358,7,9,12
YJL021C,,,dma2455,7,9,13
YIL117C,PRM5,,dma2359,7,9,14
YJL020C,BBC1,,dma2456,7,9,15
YIL116W,HIS5,,dma2360,7,9,16
YJL017W,,,dma2457,7,9,17
YIL114C,POR2,,dma2361,7,9,18
YJL016W,,,dma2458,7,9,19
YIL113W,SDP1,,dma2362,7,9,20
YJL013C,MAD3,,dma2459,7,9,21
YIL112W,HOS4,,dma2363,7,9,22
YJL012C,VTC4,,dma2460,7,9,23
YOR202W,HIS3,,dma1,7,9,24
YOR202W,HIS3,,dma1,7,10,1
YJL169W,,,dma2545,7,10,2
YJR070C,LIA1,,dma2642,7,10,3
YJL168C,SET2,,dma2546,7,10,4
YJR069C,HAM1,,dma2643,7,10,5
YJL165C,HAL5,,dma2547,7,10,6
YJR062C,NTA1,,dma2644,7,10,7
YJL164C,TPK1,,dma2548,7,10,8
YJR061W,,,dma2645,7,10,9
YJL163C,,,dma2549,7,10,10
YJR060W,CBF1,,dma2646,7,10,11
YJL162C,JJJ2,,dma2550,7,10,12
YJR059W,PTK2,,dma2647,7,10,13
YJL161W,FMP33,,dma2551,7,10,14
YJR058C,APS2,,dma2648,7,10,15
YJL160C,PIR5,,dma2552,7,10,16
YJR054W,KCH1,,dma2649,7,10,17
YJL159W,HSP150,,dma2553,7,10,18
YJR053W,BFA1,,dma2650,7,10,19
YJL158C,CIS3,,dma2554,7,10,20
YJR052W,RAD7,,dma2651,7,10,21
YJL157C,FAR1,,dma2555,7,10,22
YJR051W,OSM1,,dma2652,7,10,23
YOR202W,HIS3,,dma1,7,10,24
YOR202W,HIS3,,dma1,7,11,1
YIL146C,ATG32,,dma2365,7,11,2
YJL048C,UBX6,,dma2462,7,11,3
YIL145C,PAN6,,dma2366,7,11,4
YJL047C,RTT101,,dma2463,7,11,5
YIL141W,,,dma2367,7,11,6
YJL046W,AIM22,,dma2464,7,11,7
YIL140W,AXL2,,dma2368,7,11,8
YJL045W,,yjl045w-supp1,dma2465,7,11,9
YIL139C,REV7,,dma2369,7,11,10
YJL044C,GYP6,,dma2466,7,11,11
YIL138C,TPM2,,dma2370,7,11,12
YJL043W,,,dma2467,7,11,13
YIL137C,TMA108,,dma2371,7,11,14
YJL042W,MHP1,,dma2468,7,11,15
YIL135C,VHS2,,dma2372,7,11,16
YJL038C,LOH1,,dma2469,7,11,17
YIL134W,FLX1,,dma2373,7,11,18
YJL037W,IRC18,,dma2470,7,11,19
YIL133C,RPL16A,,dma2374,7,11,20
YJL036W,SNX4,,dma2471,7,11,21
YIL132C,CSM2,,dma2375,7,11,22
YJL030W,MAD2,,dma2472,7,11,23
YOR202W,HIS3,,dma1,7,11,24
YOR202W,HIS3,,dma1,7,12,1
YJL186W,MNN5,,dma2557,7,12,2
YJR087W,,,dma2654,7,12,3
YJL185C,ATG36,,dma2558,7,12,4
YJR084W,,,dma2655,7,12,5
YJL183W,MNN11,,dma2559,7,12,6
YJR083C,ACF4,,dma2656,7,12,7
YJL182C,,,dma2560,7,12,8
YJR082C,EAF6,,dma2657,7,12,9
YJL181W,,,dma2561,7,12,10
YJR080C,AIM24,,dma2658,7,12,11
YJL178C,ATG27,,dma2562,7,12,12
YJR079W,,,dma2659,7,12,13
YJL176C,SWI3,,dma2563,7,12,14
YJR078W,BNA2,,dma2660,7,12,15
YJL175W,,,dma2564,7,12,16
YJR077C,MIR1,,dma2661,7,12,17
YJL172W,CPS1,,dma2565,7,12,18
YJR075W,HOC1,,dma2662,7,12,19
YJL171C,,,dma2566,7,12,20
YJR074W,MOG1,,dma2663,7,12,21
YJL170C,ASG7,,dma2567,7,12,22
YJR073C,OPI3,,dma2664,7,12,23
YOR202W,HIS3,,dma1,7,12,24
YOR202W,HIS3,,dma1,7,13,1
YIL161W,,,dma2377,7,13,2
YJL065C,DLS1,,dma2474,7,13,3
YIL160C,POT1,,dma2378,7,13,4
YJL064W,,,dma2475,7,13,5
YIL159W,BNR1,,dma2379,7,13,6
YJL062W,LAS21,,dma2476,7,13,7
YIL157C,COA1,,dma2380,7,13,8
YJL060W,BNA3,,dma2477,7,13,9
YIL156W,UBP7,,dma2381,7,13,10
YJL059W,YHC3,,dma2478,7,13,11
YIL155C,GUT2,,dma2382,7,13,12
YJL058C,BIT61,,dma2479,7,13,13
YIL154C,IMP2',,dma2383,7,13,14
YJL057C,IKS1,,dma2480,7,13,15
YIL153W,RRD1,,dma2384,7,13,16
YJL055W,,,dma2481,7,13,17
YIL152W,,,dma2385,7,13,18
YJL053W,PEP8,,dma2482,7,13,19
YIL149C,MLP2,,dma2386,7,13,20
YJL051W,IRC8,,dma2483,7,13,21
YIL148W,RPL40A,,dma2387,7,13,22
YJL049W,CHM7,,dma2484,7,13,23
YOR202W,HIS3,,dma1,7,13,24
YOR202W,HIS3,,dma1,7,14,1
YJL201W,ECM25,,dma2569,7,14,2
YJR099W,YUH1,,dma2666,7,14,3
YJL199C,MBB1,,dma2570,7,14,4
YJR098C,,,dma2667,7,14,5
YJL198W,PHO90,,dma2571,7,14,6
YJR097W,JJJ3,,dma2668,7,14,7
YJL197W,UBP12,,dma2572,7,14,8
YJR096W,,,dma2669,7,14,9
YJL196C,ELO1,,dma2573,7,14,10
YJR095W,SFC1,,dma2670,7,14,11
YJL193W,,,dma2574,7,14,12
YJR094W-A,RPL43B,,dma2671,7,14,13
YJL192C,SOP4,,dma2575,7,14,14
YJR094C,IME1,,dma2672,7,14,15
YJL191W,RPS14B,,dma2576,7,14,16
YJR092W,BUD4,,dma2673,7,14,17
YJL190C,RPS22A,,dma2577,7,14,18
YJR091C,JSN1,,dma2674,7,14,19
YJL188C,BUD19,,dma2578,7,14,20
YJR090C,GRR1,,dma2675,7,14,21
YJL187C,SWE1,,dma2579,7,14,22
YJR088C,EMC2,,dma2676,7,14,23
YOR202W,HIS3,,dma1,7,14,24
YOR202W,HIS3,,dma1,7,15,1
YIR002C,MPH1,,dma2389,7,15,2
YJL088W,ARG3,,dma2486,7,15,3
YIR001C,SGN1,,dma2390,7,15,4
YJL084C,ALY2,,dma2487,7,15,5
YIL173W,VTH1,,dma2391,7,15,6
YJL083W,TAX4,,dma2488,7,15,7
YIL170W,HXT12,,dma2392,7,15,8
YJL078C,PRY3,,dma2489,7,15,9
YIL168W,,,dma2393,7,15,10
YJL077C,ICS3,,dma2490,7,15,11
YIL167W,SDL1,,dma2394,7,15,12
YJL073W,JEM1,,dma2491,7,15,13
YIL166C,,,dma2395,7,15,14
YJL071W,ARG2,,dma2492,7,15,15
YIL165C,,,dma2396,7,15,16
YJL070C,,,dma2493,7,15,17
YIL164C,NIT1,,dma2397,7,15,18
YJL068C,,,dma2494,7,15,19
YIL163C,,,dma2398,7,15,20
YJL067W,,,dma2495,7,15,21
YIL162W,SUC2,,dma2399,7,15,22
YJL066C,MPM1,,dma2496,7,15,23
YOR202W,HIS3,,dma1,7,15,24
YOR202W,HIS3,,dma1,7,16,1
YOR202W,HIS3,,dma1,7,16,2
YOR202W,HIS3,,dma1,7,16,3
YOR202W,HIS3,,dma1,7,16,4
YOR202W,HIS3,,dma1,7,16,5
YOR202W,HIS3,,dma1,7,16,6
YOR202W,HIS3,,dma1,7,16,7
YOR202W,HIS3,,dma1,7,16,8
YOR202W,HIS3,,dma1,7,16,9
YOR202W,HIS3,,dma1,7,16,10
YOR202W,HIS3,,dma1,7,16,11
YOR202W,HIS3,,dma1,7,16,12
YOR202W,HIS3,,dma1,7,16,13
YOR202W,HIS3,,dma1,7,16,14
YOR202W,HIS3,,dma1,7,16,15
YOR202W,HIS3,,dma1,7,16,16
YOR202W,HIS3,,dma1,7,16,17
YOR202W,HIS3,,dma1,7,16,18
YOR202W,HIS3,,dma1,7,16,19
YOR202W,HIS3,,dma1,7,16,20
YOR202W,HIS3,,dma1,7,16,21
YOR202W,HIS3,,dma1,7,16,22
YOR202W,HIS3,,dma1,7,16,23
YOR202W,HIS3,,dma1,7,16,24
YOR202W,HIS3,,dma1,8,1,1
YOR202W,HIS3,,dma1,8,1,2
YOR202W,HIS3,,dma1,8,1,3
YOR202W,HIS3,,dma1,8,1,4
YOR202W,HIS3,,dma1,8,1,5
YOR202W,HIS3,,dma1,8,1,6
YOR202W,HIS3,,dma1,8,1,7
YOR202W,HIS3,,dma1,8,1,8
YOR202W,HIS3,,dma1,8,1,9
YOR202W,HIS3,,dma1,8,1,10
YOR202W,HIS3,,dma1,8,1,11
YOR202W,HIS3,,dma1,8,1,12
YOR202W,HIS3,,dma1,8,1,13
YOR202W,HIS3,,dma1,8,1,14
YOR202W,HIS3,,dma1,8,1,15
YOR202W,HIS3,,dma1,8,1,16
YOR202W,HIS3,,dma1,8,1,17
YOR202W,HIS3,,dma1,8,1,18
YOR202W,HIS3,,dma1,8,1,19
YOR202W,HIS3,,dma1,8,1,20
YOR202W,HIS3,,dma1,8,1,21
YOR202W,HIS3,,dma1,8,1,22
YOR202W,HIS3,,dma1,8,1,23
YOR202W,HIS3,,dma1,8,1,24
YOR202W,HIS3,,dma1,8,2,1
YKL187C,FAT3,,dma2881,8,2,2
YKR059W,TIF1,,dma2978,8,2,3
YKL185W,ASH1,,dma2882,8,2,4
YKR058W,GLG1,,dma2979,8,2,5
YKL184W,SPE1,,dma2883,8,2,6
YKR057W,RPS21A,,dma2980,8,2,7
YKL183W,LOT5,,dma2884,8,2,8
YKR056W,TRM2,,dma2981,8,2,9
YKL179C,COY1,,dma2885,8,2,10
YKR055W,RHO4,,dma2982,8,2,11
YKL178C,STE3,,dma2886,8,2,12
YKR054C,DYN1,,dma2983,8,2,13
YKL177W,,,dma2887,8,2,14
YKR053C,YSR3,,dma2984,8,2,15
YKL176C,LST4,,dma2888,8,2,16
YKR052C,MRS4,,dma2985,8,2,17
YKL175W,ZRT3,,dma2889,8,2,18
YKR051W,,,dma2986,8,2,19
YKL174C,TPO5,,dma2890,8,2,20
YKR050W,TRK2,,dma2987,8,2,21
YKL171W,NNK1,,dma2891,8,2,22
YKR049C,FMP46,,dma2988,8,2,23
YOR202W,HIS3,,dma1,8,2,24
YOR202W,HIS3,,dma1,8,3,1
YJR117W,STE24,,dma2701,8,3,2
YKL073W,LHS1,lhs1-supp1,dma2798,8,3,3
YJR116W,TDA4,,dma2702,8,3,4
YKL072W,STB6,,dma2799,8,3,5
YJR115W,,,dma2703,8,3,6
YKL071W,,,dma2800,8,3,7
YJR111C,,,dma2704,8,3,8
YKL070W,,,dma2801,8,3,9
YJR110W,YMR1,,dma2705,8,3,10
YKL069W,,,dma2802,8,3,11
YJR109C,CPA2,,dma2706,8,3,12
YKL068W,NUP100,,dma2803,8,3,13
YJR108W,ABM1,,dma2707,8,3,14
YKL067W,YNK1,,dma2804,8,3,15
YJR107W,,,dma2708,8,3,16
YKL066W,,,dma2805,8,3,17
YJR106W,ECM27,,dma2709,8,3,18
YKL065C,YET1,,dma2806,8,3,19
YJR103W,URA8,,dma2710,8,3,20
YKL064W,MNR2,,dma2807,8,3,21
YJR100C,AIM25,,dma2711,8,3,22
YKL063C,,,dma2808,8,3,23
YOR202W,HIS3,,dma1,8,3,24
YOR202W,HIS3,,dma1,8,4,1
YKL205W,LOS1,,dma2893,8,4,2
YKR076W,ECM4,,dma2990,8,4,3
YKL204W,EAP1,,dma2894,8,4,4
YKR074W,AIM29,,dma2991,8,4,5
YKL202W,,,dma2895,8,4,6
YKR072C,SIS2,,dma2992,8,4,7
YKL201C,MNN4,,dma2896,8,4,8
YKR070W,,,dma2993,8,4,9
YKL200C,,,dma2897,8,4,10
YKR069W,MET1,,dma2994,8,4,11
YKL199C,,,dma2898,8,4,12
YKR067W,GPT2,,dma2995,8,4,13
YKL198C,PTK1,,dma2899,8,4,14
YKR066C,CCP1,,dma2996,8,4,15
YKL197C,PEX1,,dma2900,8,4,16
YKR065C,PAM17,,dma2997,8,4,17
YKL191W,DPH2,,dma2901,8,4,18
YKR064W,OAF3,,dma2998,8,4,19
YKL190W,CNB1,,dma2902,8,4,20
YKR061W,KTR2,,dma2999,8,4,21
YKL188C,PXA2,,dma2903,8,4,22
YKR060W,UTP30,,dma3000,8,4,23
YOR202W,HIS3,,dma1,8,4,24
YOR202W,HIS3,,dma1,8,5,1
YJR130C,STR2,,dma2713,8,5,2
YKL091C,,,dma2810,8,5,3
YJR129C,EFM3,,dma2714,8,5,4
YKL090W,CUE2,,dma2811,8,5,5
YJR128W,,,dma2715,8,5,6
YKL086W,SRX1,,dma2812,8,5,7
YJR127C,RSF2,,dma2716,8,5,8
YKL085W,MDH1,,dma2813,8,5,9
YJR126C,VPS70,,dma2717,8,5,10
YKL084W,HOT13,,dma2814,8,5,11
YJR125C,ENT3,,dma2718,8,5,12
YKL081W,TEF4,,dma2815,8,5,13
YJR124C,,,dma2719,8,5,14
YKL079W,SMY1,,dma2816,8,5,15
YJR121W,ATP2,,dma2720,8,5,16
YKL077W,,,dma2817,8,5,17
YJR120W,,,dma2721,8,5,18
YKL076C,PSY1,,dma2818,8,5,19
YJR119C,JHD2,,dma2722,8,5,20
YKL075C,,,dma2819,8,5,21
YJR118C,ILM1,,dma2723,8,5,22
YKL074C,MUD2,,dma2820,8,5,23
YOR202W,HIS3,,dma1,8,5,24
YOR202W,HIS3,,dma1,8,6,1
YKL218C,SRY1,,dma2905,8,6,2
YKR092C,SRP40,,dma3002,8,6,3
YKL217W,JEN1,,dma2906,8,6,4
YKR091W,SRL3,,dma3003,8,6,5
YKL216W,URA1,,dma2907,8,6,6
YKR090W,PXL1,,dma3004,8,6,7
YKL215C,OXP1,,dma2908,8,6,8
YKR089C,TGL4,,dma3005,8,6,9
YKL214C,YRA2,,dma2909,8,6,10
YKR088C,TVP38,,dma3006,8,6,11
YKL213C,DOA1,,dma2910,8,6,12
YKR087C,OMA1,,dma3007,8,6,13
YKL212W,SAC1,,dma2911,8,6,14
YKR084C,HBS1,,dma3008,8,6,15
YKL211C,TRP3,,dma2912,8,6,16
YKR082W,NUP133,,dma3009,8,6,17
YKL208W,CBT1,,dma2913,8,6,18
YKR080W,MTD1,,dma3010,8,6,19
YKL207W,EMC3,,dma2914,8,6,20
YKR078W,,,dma3011,8,6,21
YKL206C,ADD66,,dma2915,8,6,22
YKR077W,MSA2,,dma3012,8,6,23
YOR202W,HIS3,,dma1,8,6,24
YOR202W,HIS3,,dma1,8,7,1
YJR147W,HMS2,,dma2725,8,7,2
YKL103C,APE1,,dma2822,8,7,3
YJR146W,,,dma2726,8,7,4
YKL102C,,,dma2823,8,7,5
YJR145C,RPS4A,,dma2727,8,7,6
YKL101W,HSL1,,dma2824,8,7,7
YJR142W,,,dma2728,8,7,8
YKL100C,YPF1,,dma2825,8,7,9
YJR140C,HIR3,,dma2729,8,7,10
YKL098W,MTC2,,dma2826,8,7,11
YJR139C,HOM6,,dma2730,8,7,12
YKL097C,,,dma2827,8,7,13
YJR137C,MET5,,dma2731,8,7,14
YKL096W-A,CWP2,,dma2828,8,7,15
YJR135C,MCM22,,dma2732,8,7,16
YKL096W,CWP1,,dma2829,8,7,17
YJR134C,SGM1,,dma2733,8,7,18
YKL094W,YJU3,,dma2830,8,7,19
YJR133W,XPT1,,dma2734,8,7,20
YKL093W,MBR1,,dma2831,8,7,21
YJR131W,MNS1,,dma2735,8,7,22
YKL092C,BUD2,,dma2832,8,7,23
YOR202W,HIS3,,dma1,8,7,24
YOR202W,HIS3,,dma1,8,8,1
YKR012C,,,dma2917,8,8,2
YKR103W,NFT1,,dma3014,8,8,3
YKR011C,,,dma2918,8,8,4
YKR102W,FLO10,,dma3015,8,8,5
YKR010C,TOF2,,dma2919,8,8,6
YKR101W,SIR1,,dma3016,8,8,7
YKR009C,FOX2,,dma2920,8,8,8
YKR100C,SKG1,,dma3017,8,8,9
YKR007W,MEH1,,dma2921,8,8,10
YKR099W,BAS1,,dma3018,8,8,11
YKR005C,,,dma2922,8,8,12
YKR098C,UBP11,,dma3019,8,8,13
YKR003W,OSH6,,dma2923,8,8,14
YKR097W,PCK1,,dma3020,8,8,15
YKR001C,VPS1,,dma2924,8,8,16
YKR096W,ESL2,,dma3021,8,8,17
YKL222C,,,dma2925,8,8,18
YKR095W,MLP1,,dma3022,8,8,19
YKL221W,MCH2,,dma2926,8,8,20
YKR094C,RPL40B,,dma3023,8,8,21
YKL220C,FRE2,,dma2927,8,8,22
YKR093W,PTR2,,dma3024,8,8,23
YOR202W,HIS3,,dma1,8,8,24
YOR202W,HIS3,,dma1,8,9,1
YKL008C,LAC1,,dma2737,8,9,2
YKL120W,OAC1,,dma2834,8,9,3
YKL007W,CAP1,,dma2738,8,9,4
YKL117W,SBA1,,dma2835,8,9,5
YKL006W,RPL14A,,dma2739,8,9,6
YKL116C,PRR1,,dma2836,8,9,7
YKL005C,BYE1,,dma2740,8,9,8
YKL115C,,,dma2837,8,9,9
YKL001C,MET14,,dma2741,8,9,10
YKL114C,APN1,,dma2838,8,9,11
YJR154W,,,dma2742,8,9,12
YKL113C,RAD27,,dma2839,8,9,13
YJR153W,PGU1,,dma2743,8,9,14
YKL110C,KTI12,,dma2840,8,9,15
YJR152W,DAL5,,dma2744,8,9,16
YKL109W,HAP4,,dma2841,8,9,17
YJR150C,DAN1,,dma2745,8,9,18
YKL107W,,,dma2842,8,9,19
YJR149W,,,dma2746,8,9,20
YKL106W,AAT1,,dma2843,8,9,21
YJR148W,BAT2,,dma2747,8,9,22
YKL105C,SEG2,,dma2844,8,9,23
YOR202W,HIS3,,dma1,8,9,24
YOR202W,HIS3,,dma1,8,10,1
YKR024C,DBP7,,dma2929,8,10,2
YLL013C,PUF3,,dma3026,8,10,3
YKR023W,,,dma2930,8,10,4
YLL012W,YEH1,,dma3027,8,10,5
YKR021W,ALY1,,dma2931,8,10,6
YLL010C,PSR1,,dma3028,8,10,7
YKR020W,VPS51,,dma2932,8,10,8
YLL009C,COX17,,dma3029,8,10,9
YKR019C,IRS4,,dma2933,8,10,10
YLL007C,LMO1,,dma3030,8,10,11
YKR018C,,,dma2934,8,10,12
YLL006W,MMM1,,dma3031,8,10,13
YKR017C,HEL1,,dma2935,8,10,14
YLL005C,SPO75,,dma3032,8,10,15
YKR016W,MIC60,,dma2936,8,10,16
YLL002W,RTT109,,dma3033,8,10,17
YKR015C,,,dma2937,8,10,18
YLL001W,DNM1,,dma3034,8,10,19
YKR014C,YPT52,,dma2938,8,10,20
YKR106W,GEX2,,dma3035,8,10,21
YKR013W,PRY2,,dma2939,8,10,22
YKR105C,VBA5,,dma3036,8,10,23
YOR202W,HIS3,,dma1,8,10,24
YOR202W,HIS3,,dma1,8,11,1
YKL030W,,,dma2749,8,11,2
YKL136W,,,dma2846,8,11,3
YKL029C,MAE1,,dma2750,8,11,4
YKL133C,,,dma2847,8,11,5
YKL027W,TCD2,,dma2751,8,11,6
YKL132C,RMA1,,dma2848,8,11,7
YKL026C,GPX1,,dma2752,8,11,8
YKL131W,,,dma2849,8,11,9
YKL025C,PAN3,,dma2753,8,11,10
YKL130C,SHE2,,dma2850,8,11,11
YKL023W,,,dma2754,8,11,12
YKL129C,MYO3,,dma2851,8,11,13
YKL020C,SPT23,,dma2755,8,11,14
YKL128C,PMU1,,dma2852,8,11,15
YKL017C,HCS1,,dma2756,8,11,16
YKL127W,PGM1,,dma2853,8,11,17
YKL015W,PUT3,,dma2757,8,11,18
YKL124W,SSH4,,dma2854,8,11,19
YKL010C,UFD4,,dma2758,8,11,20
YKL123W,,,dma2855,8,11,21
YKL009W,MRT4,,dma2759,8,11,22
YKL121W,DGR2,,dma2856,8,11,23
YOR202W,HIS3,,dma1,8,11,24
YOR202W,HIS3,,dma1,8,12,1
YKR035W-A,DID2,,dma2941,8,12,2
YLL026W,HSP104,,dma3038,8,12,3
YKR035C,OPI8,,dma2942,8,12,4
YLL025W,PAU17,,dma3039,8,12,5
YKR034W,DAL80,,dma2943,8,12,6
YLL024C,SSA2,,dma3040,8,12,7
YKR033C,,,dma2944,8,12,8
YLL023C,POM33,,dma3041,8,12,9
YKR032W,,,dma2945,8,12,10
YLL021W,SPA2,,dma3042,8,12,11
YKR031C,SPO14,,dma2946,8,12,12
YLL020C,,,dma3043,8,12,13
YKR030W,GMH1,,dma2947,8,12,14
YLL019C,KNS1,,dma3044,8,12,15
YKR029C,SET3,,dma2948,8,12,16
YLL017W,,,dma3045,8,12,17
YKR028W,SAP190,,dma2949,8,12,18
YLL016W,SDC25,,dma3046,8,12,19
YKR027W,BCH2,,dma2950,8,12,20
YLL015W,BPT1,,dma3047,8,12,21
YKR026C,GCN3,,dma2951,8,12,22
YLL014W,EMC6,,dma3048,8,12,23
YOR202W,HIS3,,dma1,8,12,24
YOR202W,HIS3,,dma1,8,13,1
YKL044W,,,dma2761,8,13,2
YKL156W,RPS27A,,dma2858,8,13,3
YKL043W,PHD1,,dma2762,8,13,4
YKL151C,,,dma2859,8,13,5
YKL041W,VPS24,,dma2763,8,13,6
YKL150W,MCR1,,dma2860,8,13,7
YKL040C,NFU1,,dma2764,8,13,8
YKL149C,DBR1,,dma2861,8,13,9
YKL039W,PTM1,,dma2765,8,13,10
YKL148C,SDH1,,dma2862,8,13,11
YKL038W,RGT1,,dma2766,8,13,12
YKL147C,,,dma2863,8,13,13
YKL037W,AIM26,,dma2767,8,13,14
YKL146W,AVT3,,dma2864,8,13,15
YKL034W,TUL1,,dma2768,8,13,16
YKL142W,MRP8,,dma2865,8,13,17
YKL033W-A,,,dma2769,8,13,18
YKL140W,TGL1,,dma2866,8,13,19
YKL032C,IXR1,,dma2770,8,13,20
YKL139W,CTK1,ctk1-supp1,dma2867,8,13,21
YKL031W,,,dma2771,8,13,22
YKL137W,CMC1,,dma2868,8,13,23
YOR202W,HIS3,,dma1,8,13,24
YOR202W,HIS3,,dma1,8,14,1
YKR048C,NAP1,,dma2953,8,14,2
YLL045C,RPL8B,,dma3050,8,14,3
YKR047W,,,dma2954,8,14,4
YLL044W,,,dma3051,8,14,5
YKR046C,PET10,,dma2955,8,14,6
YLL043W,FPS1,,dma3052,8,14,7
YKR045C,,,dma2956,8,14,8
YLL042C,ATG10,,dma3053,8,14,9
YKR044W,UIP5,,dma2957,8,14,10
YLL041C,SDH2,,dma3054,8,14,11
YKR043C,SHB17,,dma2958,8,14,12
YLL040C,VPS13,,dma3055,8,14,13
YKR042W,UTH1,,dma2959,8,14,14
YLL039C,UBI4,,dma3056,8,14,15
YKR041W,,,dma2960,8,14,16
YLL038C,ENT4,,dma3057,8,14,17
YKR040C,,,dma2961,8,14,18
YLL032C,,,dma3058,8,14,19
YKR039W,GAP1,,dma2962,8,14,20
YLL029W,FRA1,,dma3059,8,14,21
YKR036C,CAF4,,dma2963,8,14,22
YLL028W,TPO1,,dma3060,8,14,23
YOR202W,HIS3,,dma1,8,14,24
YOR202W,HIS3,,dma1,8,15,1
YKL062W,MSN4,,dma2773,8,15,2
YKL168C,KKQ8,,dma2870,8,15,3
YKL061W,BLI1,,dma2774,8,15,4
YKL167C,MRP49,,dma2871,8,15,5
YKL056C,TMA19,,dma2775,8,15,6
YKL166C,TPK3,,dma2872,8,15,7
YKL055C,OAR1,,dma2776,8,15,8
YKL164C,PIR1,,dma2873,8,15,9
YKL053W,,,dma2777,8,15,10
YKL163W,PIR3,,dma2874,8,15,11
YKL053C-A,MDM35,,dma2778,8,15,12
YKL162C,,,dma2875,8,15,13
YKL051W,SFK1,,dma2779,8,15,14
YKL161C,KDX1,,dma2876,8,15,15
YKL050C,,,dma2780,8,15,16
YKL160W,ELF1,,dma2877,8,15,17
YKL048C,ELM1,,dma2781,8,15,18
YKL159C,RCN1,,dma2878,8,15,19
YKL047W,ANR2,,dma2782,8,15,20
YKL158W,,,dma2879,8,15,21
YKL046C,DCW1,,dma2783,8,15,22
YKL157W,APE2,,dma2880,8,15,23
YOR202W,HIS3,,dma1,8,15,24
YOR202W,HIS3,,dma1,8,16,1
YOR202W,HIS3,,dma1,8,16,2
YOR202W,HIS3,,dma1,8,16,3
YOR202W,HIS3,,dma1,8,16,4
YOR202W,HIS3,,dma1,8,16,5
YOR202W,HIS3,,dma1,8,16,6
YOR202W,HIS3,,dma1,8,16,7
YOR202W,HIS3,,dma1,8,16,8
YOR202W,HIS3,,dma1,8,16,9
YOR202W,HIS3,,dma1,8,16,10
YOR202W,HIS3,,dma1,8,16,11
YOR202W,HIS3,,dma1,8,16,12
YOR202W,HIS3,,dma1,8,16,13
YOR202W,HIS3,,dma1,8,16,14
YOR202W,HIS3,,dma1,8,16,15
YOR202W,HIS3,,dma1,8,16,16
YOR202W,HIS3,,dma1,8,16,17
YOR202W,HIS3,,dma1,8,16,18
YOR202W,HIS3,,dma1,8,16,19
YOR202W,HIS3,,dma1,8,16,20
YOR202W,HIS3,,dma1,8,16,21
YOR202W,HIS3,,dma1,8,16,22
YOR202W,HIS3,,dma1,8,16,23
YOR202W,HIS3,,dma1,8,16,24
YOR202W,HIS3,,dma1,9,1,1
YOR202W,HIS3,,dma1,9,1,2
YOR202W,HIS3,,dma1,9,1,3
YOR202W,HIS3,,dma1,9,1,4
YOR202W,HIS3,,dma1,9,1,5
YOR202W,HIS3,,dma1,9,1,6
YOR202W,HIS3,,dma1,9,1,7
YOR202W,HIS3,,dma1,9,1,8
YOR202W,HIS3,,dma1,9,1,9
YOR202W,HIS3,,dma1,9,1,10
YOR202W,HIS3,,dma1,9,1,11
YOR202W,HIS3,,dma1,9,1,12
YOR202W,HIS3,,dma1,9,1,13
YOR202W,HIS3,,dma1,9,1,14
YOR202W,HIS3,,dma1,9,1,15
YOR202W,HIS3,,dma1,9,1,16
YOR202W,HIS3,,dma1,9,1,17
YOR202W,HIS3,,dma1,9,1,18
YOR202W,HIS3,,dma1,9,1,19
YOR202W,HIS3,,dma1,9,1,20
YOR202W,HIS3,,dma1,9,1,21
YOR202W,HIS3,,dma1,9,1,22
YOR202W,HIS3,,dma1,9,1,23
YOR202W,HIS3,,dma1,9,1,24
YOR202W,HIS3,,dma1,9,2,1
YLR217W,,,dma3265,9,2,2
YLR330W,CHS5,,dma3362,9,2,3
YLR216C,CPR6,,dma3266,9,2,4
YLR329W,REC102,,dma3363,9,2,5
YLR214W,FRE1,,dma3267,9,2,6
YLR328W,NMA1,,dma3364,9,2,7
YLR213C,CRR1,,dma3268,9,2,8
YLR327C,TMA10,,dma3365,9,2,9
YLR211C,ATG38,,dma3269,9,2,10
YLR326W,,,dma3366,9,2,11
YLR210W,CLB4,,dma3270,9,2,12
YLR325C,RPL38,,dma3367,9,2,13
YLR209C,PNP1,,dma3271,9,2,14
YLR324W,PEX30,,dma3368,9,2,15
YLR207W,HRD3,,dma3272,9,2,16
YLR320W,MMS22,,dma3369,9,2,17
YLR206W,ENT2,,dma3273,9,2,18
YLR319C,BUD6,,dma3370,9,2,19
YLR205C,HMX1,,dma3274,9,2,20
YLR318W,EST2,,dma3371,9,2,21
YLR200W,YKE2,,dma3275,9,2,22
YLR315W,NKP2,,dma3372,9,2,23
YOR202W,HIS3,,dma1,9,2,24
YOR202W,HIS3,,dma1,9,3,1
YLL057C,JLP1,,dma3085,9,3,2
YLR098C,CHA4,,dma3182,9,3,3
YLL056C,,,dma3086,9,3,4
YLR097C,HRT3,,dma3183,9,3,5
YLL055W,YCT1,,dma3087,9,3,6
YLR096W,KIN2,,dma3184,9,3,7
YLL054C,,,dma3088,9,3,8
YLR095C,IOC2,,dma3185,9,3,9
YLL053C,,,dma3089,9,3,10
YLR094C,GIS3,,dma3186,9,3,11
YLL052C,AQY2,,dma3090,9,3,12
YLR093C,NYV1,,dma3187,9,3,13
YLL051C,FRE6,,dma3091,9,3,14
YLR092W,SUL2,,dma3188,9,3,15
YLL049W,LDB18,,dma3092,9,3,16
YLR091W,GEP5,,dma3189,9,3,17
YLL048C,YBT1,,dma3093,9,3,18
YLR090W,XDJ1,,dma3190,9,3,19
YLL047W,,,dma3094,9,3,20
YLR089C,ALT1,,dma3191,9,3,21
YLL046C,RNP1,,dma3095,9,3,22
YLR087C,CSF1,,dma3192,9,3,23
YOR202W,HIS3,,dma1,9,3,24
YOR202W,HIS3,,dma1,9,4,1
YLR234W,TOP3,top3-supp1,dma3277,9,4,2
YLR345W,,,dma3374,9,4,3
YLR233C,EST1,,dma3278,9,4,4
YLR344W,RPL26A,,dma3375,9,4,5
YLR232W,,,dma3279,9,4,6
YLR343W,GAS2,,dma3376,9,4,7
YLR231C,BNA5,,dma3280,9,4,8
YLR342W,FKS1,,dma3377,9,4,9
YLR228C,ECM22,,dma3281,9,4,10
YLR341W,SPO77,,dma3378,9,4,11
YLR225C,,,dma3282,9,4,12
YLR338W,OPI9,,dma3379,9,4,13
YLR224W,UCC1,,dma3283,9,4,14
YLR337C,VRP1,,dma3380,9,4,15
YLR221C,RSA3,,dma3284,9,4,16
YLR335W,NUP2,,dma3381,9,4,17
YLR220W,CCC1,,dma3285,9,4,18
YLR334C,,,dma3382,9,4,19
YLR219W,MSC3,,dma3286,9,4,20
YLR333C,RPS25B,,dma3383,9,4,21
YLR218C,COA4,,dma3287,9,4,22
YLR332W,MID2,,dma3384,9,4,23
YOR202W,HIS3,,dma1,9,4,24
YOR202W,HIS3,,dma1,9,5,1
YLR011W,LOT6,,dma3097,9,5,2
YLR114C,AVL9,,dma3194,9,5,3
YLR006C,SSK1,,dma3098,9,5,4
YLR113W,HOG1,,dma3195,9,5,5
YLR004C,THI73,,dma3099,9,5,6
YLR112W,,,dma3196,9,5,7
YLR003C,CMS1,,dma3100,9,5,8
YLR111W,,,dma3197,9,5,9
YLR001C,,,dma3101,9,5,10
YLR110C,CCW12,,dma3198,9,5,11
YLL063C,AYT1,,dma3102,9,5,12
YLR109W,AHP1,,dma3199,9,5,13
YLL062C,MHT1,,dma3103,9,5,14
YLR108C,,,dma3200,9,5,15
YLL061W,MMP1,,dma3104,9,5,16
YLR107W,REX3,,dma3201,9,5,17
YLL060C,GTT2,,dma3105,9,5,18
YLR104W,LCL2,,dma3202,9,5,19
YLL059C,,,dma3106,9,5,20
YLR102C,APC9,,dma3203,9,5,21
YLL058W,,,dma3107,9,5,22
YLR099C,ICT1,,dma3204,9,5,23
YOR202W,HIS3,,dma1,9,5,24
YOR202W,HIS3,,dma1,9,6,1
YLR251W,SYM1,,dma3289,9,6,2
YLR360W,VPS38,,dma3386,9,6,3
YLR250W,SSP120,,dma3290,9,6,4
YLR357W,RSC2,,dma3387,9,6,5
YLR248W,RCK2,,dma3291,9,6,6
YLR356W,ATG33,,dma3388,9,6,7
YLR247C,IRC20,,dma3292,9,6,8
YLR354C,TAL1,,dma3389,9,6,9
YLR246W,ERF2,,dma3293,9,6,10
YLR353W,BUD8,,dma3390,9,6,11
YLR242C,ARV1,arv1-supp1,dma3294,9,6,12
YLR352W,,,dma3391,9,6,13
YLR241W,CSC1,,dma3295,9,6,14
YLR351C,NIT3,,dma3392,9,6,15
YLR239C,LIP2,,dma3296,9,6,16
YLR350W,ORM2,orm2-supp1,dma3393,9,6,17
YLR237W,THI7,,dma3297,9,6,18
YLR349W,,,dma3394,9,6,19
YLR236C,,,dma3298,9,6,20
YLR348C,DIC1,,dma3395,9,6,21
YLR235C,,ylr235c-supp1,dma3299,9,6,22
YLR346C,CIS1,,dma3396,9,6,23
YOR202W,HIS3,,dma1,9,6,24
YOR202W,HIS3,,dma1,9,7,1
YLR023C,IZH3,,dma3109,9,7,2
YLR130C,ZRT2,,dma3206,9,7,3
YLR021W,IRC25,,dma3110,9,7,4
YLR128W,DCN1,,dma3207,9,7,5
YLR020C,YEH2,,dma3111,9,7,6
YLR126C,,,dma3208,9,7,7
YLR019W,PSR2,,dma3112,9,7,8
YLR125W,,,dma3209,9,7,9
YLR018C,POM34,,dma3113,9,7,10
YLR124W,,,dma3210,9,7,11
YLR017W,MEU1,,dma3114,9,7,12
YLR123C,,,dma3211,9,7,13
YLR016C,PML1,,dma3115,9,7,14
YLR122C,,,dma3212,9,7,15
YLR015W,BRE2,,dma3116,9,7,16
YLR121C,YPS3,,dma3213,9,7,17
YLR014C,PPR1,,dma3117,9,7,18
YLR120C,YPS1,,dma3214,9,7,19
YLR013W,GAT3,,dma3118,9,7,20
YLR119W,SRN2,,dma3215,9,7,21
YLR012C,,,dma3119,9,7,22
YLR118C,,,dma3216,9,7,23
YOR202W,HIS3,,dma1,9,7,24
YOR202W,HIS3,,dma1,9,8,1
YLR264W,RPS28B,,dma3301,9,8,2
YLR372W,ELO3,,dma3398,9,8,3
YLR263W,RED1,,dma3302,9,8,4
YLR371W,ROM2,rom2-supp1,dma3399,9,8,5
YLR262C-A,TMA7,,dma3303,9,8,6
YLR370C,ARC18,arc18-supp1,dma3400,9,8,7
YLR262C,YPT6,,dma3304,9,8,8
YLR368W,MDM30,,dma3401,9,8,9
YLR261C,VPS63,,dma3305,9,8,10
YLR367W,RPS22B,,dma3402,9,8,11
YLR258W,GSY2,,dma3306,9,8,12
YLR366W,,,dma3403,9,8,13
YLR257W,,,dma3307,9,8,14
YLR365W,,,dma3404,9,8,15
YLR255C,,,dma3308,9,8,16
YLR364W,GRX8,,dma3405,9,8,17
YLR254C,NDL1,,dma3309,9,8,18
YLR363C,NMD4,,dma3406,9,8,19
YLR253W,MCP2,,dma3310,9,8,20
YLR362W,STE11,,dma3407,9,8,21
YLR252W,,,dma3311,9,8,22
YLR361C,DCR2,,dma3408,9,8,23
YOR202W,HIS3,,dma1,9,8,24
YOR202W,HIS3,,dma1,9,9,1
YLR039C,RIC1,,dma3121,9,9,2
YLR146C,SPE4,,dma3218,9,9,3
YLR038C,COX12,,dma3122,9,9,4
YLR144C,ACF2,,dma3219,9,9,5
YLR037C,PAU23,,dma3123,9,9,6
YLR143W,DPH6,,dma3220,9,9,7
YLR036C,,,dma3124,9,9,8
YLR142W,PUT1,,dma3221,9,9,9
YLR035C,MLH2,,dma3125,9,9,10
YLR138W,NHA1,,dma3222,9,9,11
YLR034C,SMF3,,dma3126,9,9,12
YLR137W,RKM5,,dma3223,9,9,13
YLR032W,RAD5,,dma3127,9,9,14
YLR136C,TIS11,,dma3224,9,9,15
YLR031W,,,dma3128,9,9,16
YLR135W,SLX4,,dma3225,9,9,17
YLR030W,,,dma3129,9,9,18
YLR134W,PDC5,,dma3226,9,9,19
YLR028C,ADE16,,dma3130,9,9,20
YLR133W,CKI1,,dma3227,9,9,21
YLR024C,UBR2,,dma3131,9,9,22
YLR131C,ACE2,,dma3228,9,9,23
YOR202W,HIS3,,dma1,9,9,24
YOR202W,HIS3,,dma1,9,10,1
YLR281C,,,dma3313,9,10,2
YLR387C,REH1,,dma3410,9,10,3
YLR280C,,,dma3314,9,10,4
YLR386W,VAC14,,dma3411,9,10,5
YLR279W,,,dma3315,9,10,6
YLR385C,SWC7,,dma3412,9,10,7
YLR278C,,,dma3316,9,10,8
YLR384C,IKI3,,dma3413,9,10,9
YLR273C,PIG1,,dma3317,9,10,10
YLR381W,CTF3,,dma3414,9,10,11
YLR271W,CMG1,,dma3318,9,10,12
YLR380W,CSR1,,dma3415,9,10,13
YLR269C,,,dma3319,9,10,14
YLR377C,FBP1,,dma3416,9,10,15
YLR268W,SEC22,sec22-supp1,dma3320,9,10,16
YLR376C,PSY3,,dma3417,9,10,17
YLR267W,BOP2,,dma3321,9,10,18
YLR375W,STP3,,dma3418,9,10,19
YLR266C,PDR8,,dma3322,9,10,20
YLR374C,,,dma3419,9,10,21
YLR265C,NEJ1,,dma3323,9,10,22
YLR373C,VID22,,dma3420,9,10,23
YOR202W,HIS3,,dma1,9,10,24
YOR202W,HIS3,,dma1,9,11,1
YLR053C,,,dma3133,9,11,2
YLR171W,,,dma3230,9,11,3
YLR050C,,,dma3134,9,11,4
YLR170C,APS1,,dma3231,9,11,5
YLR049C,,,dma3135,9,11,6
YLR169W,,,dma3232,9,11,7
YLR048W,RPS0B,,dma3136,9,11,8
YLR168C,UPS2,,dma3233,9,11,9
YLR047C,FRE8,,dma3137,9,11,10
YLR165C,PUS5,,dma3234,9,11,11
YLR046C,,,dma3138,9,11,12
YLR164W,SHH4,,dma3235,9,11,13
YLR044C,PDC1,,dma3139,9,11,14
YLR154C,RNH203,,dma3236,9,11,15
YLR043C,TRX1,,dma3140,9,11,16
YLR152C,,,dma3237,9,11,17
YLR042C,,,dma3141,9,11,18
YLR151C,PCD1,,dma3238,9,11,19
YLR041W,,,dma3142,9,11,20
YLR150W,STM1,,dma3239,9,11,21
YLR040C,AFB1,,dma3143,9,11,22
YLR149C,,,dma3240,9,11,23
YOR202W,HIS3,,dma1,9,11,24
YOR202W,HIS3,,dma1,9,12,1
YLR294C,,,dma3325,9,12,2
YLR400W,,,dma3422,9,12,3
YLR292C,SEC72,,dma3326,9,12,4
YLR398C,SKI2,,dma3423,9,12,5
YLR290C,COQ11,,dma3327,9,12,6
YLR395C,COX8,,dma3424,9,12,7
YLR289W,GUF1,,dma3328,9,12,8
YLR394W,CST9,,dma3425,9,12,9
YLR287C-A,RPS30A,,dma3329,9,12,10
YLR393W,ATP10,,dma3426,9,12,11
YLR287C,,,dma3330,9,12,12
YLR392C,ART10,,dma3427,9,12,13
YLR286C,CTS1,,dma3331,9,12,14
YLR391W,,,dma3428,9,12,15
YLR285W,NNT1,,dma3332,9,12,16
YLR390W-A,CCW14,,dma3429,9,12,17
YLR284C,ECI1,,dma3333,9,12,18
YLR390W,ECM19,,dma3430,9,12,19
YLR283W,,,dma3334,9,12,20
YLR389C,STE23,,dma3431,9,12,21
YLR282C,,,dma3335,9,12,22
YLR388W,RPS29A,,dma3432,9,12,23
YOR202W,HIS3,,dma1,9,12,24
YOR202W,HIS3,,dma1,9,13,1
YLR065C,ENV10,,dma3145,9,13,2
YLR183C,TOS4,,dma3242,9,13,3
YLR064W,PER33,,dma3146,9,13,4
YLR182W,SWI6,,dma3243,9,13,5
YLR063W,BMT6,,dma3147,9,13,6
YLR181C,VTA1,,dma3244,9,13,7
YLR062C,BUD28,bud28-supp1,dma3148,9,13,8
YLR180W,SAM1,,dma3245,9,13,9
YLR061W,RPL22A,,dma3149,9,13,10
YLR179C,,,dma3246,9,13,11
YLR059C,REX2,,dma3150,9,13,12
YLR178C,TFS1,,dma3247,9,13,13
YLR058C,SHM2,,dma3151,9,13,14
YLR177W,,,dma3248,9,13,15
YLR057W,MNL2,,dma3152,9,13,16
YLR176C,RFX1,,dma3249,9,13,17
YLR056W,ERG3,,dma3153,9,13,18
YLR174W,IDP2,,dma3250,9,13,19
YLR055C,SPT8,,dma3154,9,13,20
YLR173W,,,dma3251,9,13,21
YLR054C,OSW2,,dma3155,9,13,22
YLR172C,DPH5,,dma3252,9,13,23
YOR202W,HIS3,,dma1,9,13,24
YOR202W,HIS3,,dma1,9,14,1
YLR313C,SPH1,,dma3337,9,14,2
YLR414C,PUN1,,dma3434,9,14,3
YLR312C,ATG39,,dma3338,9,14,4
YLR413W,INA1,,dma3435,9,14,5
YLR311C,,,dma3339,9,14,6
YLR412W,BER1,,dma3436,9,14,7
YLR309C,IMH1,,dma3340,9,14,8
YLR410W,VIP1,,dma3437,9,14,9
YLR307W,CDA1,,dma3341,9,14,10
YLR408C,BLS1,,dma3438,9,14,11
YLR306W,UBC12,,dma3342,9,14,12
YLR407W,,,dma3439,9,14,13
YLR303W,MET17,,dma3343,9,14,14
YLR406C,RPL31B,,dma3440,9,14,15
YLR300W,EXG1,,dma3344,9,14,16
YLR405W,DUS4,,dma3441,9,14,17
YLR299W,ECM38,,dma3345,9,14,18
YLR404W,SEI1,,dma3442,9,14,19
YLR297W,,,dma3346,9,14,20
YLR402W,,ylr402w-supp1,dma3443,9,14,21
YLR296W,,,dma3347,9,14,22
YLR401C,DUS3,,dma3444,9,14,23
YOR202W,HIS3,,dma1,9,14,24
YOR202W,HIS3,,dma1,9,15,1
YLR085C,ARP6,,dma3157,9,15,2
YLR199C,PBA1,,dma3254,9,15,3
YLR084C,RAX2,,dma3158,9,15,4
YLR194C,,,dma3255,9,15,5
YLR083C,EMP70,,dma3159,9,15,6
YLR193C,UPS1,ups1-supp1,dma3256,9,15,7
YLR082C,SRL2,,dma3160,9,15,8
YLR192C,HCR1,,dma3257,9,15,9
YLR081W,GAL2,,dma3161,9,15,10
YLR191W,PEX13,,dma3258,9,15,11
YLR080W,EMP46,,dma3162,9,15,12
YLR190W,MMR1,,dma3259,9,15,13
YLR079W,SIC1,,dma3163,9,15,14
YLR189C,ATG26,,dma3260,9,15,15
YLR077W,FMP25,,dma3164,9,15,16
YLR188W,MDL1,,dma3261,9,15,17
YLR073C,RFU1,,dma3165,9,15,18
YLR187W,SKG3,,dma3262,9,15,19
YLR072W,LAM6,,dma3166,9,15,20
YLR185W,RPL37A,,dma3263,9,15,21
YLR070C,XYL2,,dma3167,9,15,22
YLR184W,,,dma3264,9,15,23
YOR202W,HIS3,,dma1,9,15,24
YOR202W,HIS3,,dma1,9,16,1
YOR202W,HIS3,,dma1,9,16,2
YOR202W,HIS3,,dma1,9,16,3
YOR202W,HIS3,,dma1,9,16,4
YOR202W,HIS3,,dma1,9,16,5
YOR202W,HIS3,,dma1,9,16,6
YOR202W,HIS3,,dma1,9,16,7
YOR202W,HIS3,,dma1,9,16,8
YOR202W,HIS3,,dma1,9,16,9
YOR202W,HIS3,,dma1,9,16,10
YOR202W,HIS3,,dma1,9,16,11
YOR202W,HIS3,,dma1,9,16,12
YOR202W,HIS3,,dma1,9,16,13
YOR202W,HIS3,,dma1,9,16,14
YOR202W,HIS3,,dma1,9,16,15
YOR202W,HIS3,,dma1,9,16,16
YOR202W,HIS3,,dma1,9,16,17
YOR202W,HIS3,,dma1,9,16,18
YOR202W,HIS3,,dma1,9,16,19
YOR202W,HIS3,,dma1,9,16,20
YOR202W,HIS3,,dma1,9,16,21
YOR202W,HIS3,,dma1,9,16,22
YOR202W,HIS3,,dma1,9,16,23
YOR202W,HIS3,,dma1,9,16,24
YOR202W,HIS3,,dma1,10,1,1
YOR202W,HIS3,,dma1,10,1,2
YOR202W,HIS3,,dma1,10,1,3
YOR202W,HIS3,,dma1,10,1,4
YOR202W,HIS3,,dma1,10,1,5
YOR202W,HIS3,,dma1,10,1,6
YOR202W,HIS3,,dma1,10,1,7
YOR202W,HIS3,,dma1,10,1,8
YOR202W,HIS3,,dma1,10,1,9
YOR202W,HIS3,,dma1,10,1,10
YOR202W,HIS3,,dma1,10,1,11
YOR202W,HIS3,,dma1,10,1,12
YOR202W,HIS3,,dma1,10,1,13
YOR202W,HIS3,,dma1,10,1,14
YOR202W,HIS3,,dma1,10,1,15
YOR202W,HIS3,,dma1,10,1,16
YOR202W,HIS3,,dma1,10,1,17
YOR202W,HIS3,,dma1,10,1,18
YOR202W,HIS3,,dma1,10,1,19
YOR202W,HIS3,,dma1,10,1,20
YOR202W,HIS3,,dma1,10,1,21
YOR202W,HIS3,,dma1,10,1,22
YOR202W,HIS3,,dma1,10,1,23
YOR202W,HIS3,,dma1,10,1,24
YOR202W,HIS3,,dma1,10,2,1
YMR044W,IOC4,,dma3649,10,2,2
YMR158C-A,,,dma3746,10,2,3
YMR042W,ARG80,,dma3650,10,2,4
YMR157C,AIM36,,dma3747,10,2,5
YMR041C,ARA2,,dma3651,10,2,6
YMR156C,TPP1,,dma3748,10,2,7
YMR040W,YET2,,dma3652,10,2,8
YMR155W,,,dma3749,10,2,9
YMR039C,SUB1,,dma3653,10,2,10
YMR154C,RIM13,,dma3750,10,2,11
YMR038C,CCS1,,dma3654,10,2,12
YMR153W,NUP53,,dma3751,10,2,13
YMR037C,MSN2,,dma3655,10,2,14
YMR153C-A,,,dma3752,10,2,15
YMR036C,MIH1,,dma3656,10,2,16
YMR152W,YIM1,,dma3753,10,2,17
YMR035W,IMP2,,dma3657,10,2,18
YMR148W,OSW5,,dma3754,10,2,19
YMR034C,RCH1,,dma3658,10,2,20
YMR147W,,,dma3755,10,2,21
YMR031W-A,,,dma3659,10,2,22
YMR145C,NDE1,,dma3756,10,2,23
YOR202W,HIS3,,dma1,10,2,24
YOR202W,HIS3,,dma1,10,3,1
YLR428C,,,dma3469,10,3,2
YML062C,MFT1,,dma3566,10,3,3
YLR427W,MAG2,,dma3470,10,3,4
YML060W,OGG1,,dma3567,10,3,5
YLR426W,TDA5,tda5-supp2,dma3471,10,3,6
YML059C,NTE1,,dma3568,10,3,7
YLR425W,TUS1,,dma3472,10,3,8
YML058W,SML1,,dma3569,10,3,9
YLR423C,ATG17,,dma3473,10,3,10
YML057C-A,,,dma3570,10,3,11
YLR422W,DCK1,dck1-supp1,dma3474,10,3,12
YML057W,CMP2,,dma3571,10,3,13
YLR421C,RPN13,,dma3475,10,3,14
YML056C,IMD4,,dma3572,10,3,15
YLR420W,URA4,,dma3476,10,3,16
YML055W,SPC2,,dma3573,10,3,17
YLR418C,CDC73,,dma3477,10,3,18
YML054C,CYB2,,dma3574,10,3,19
YLR416C,,,dma3478,10,3,20
YML053C,,,dma3575,10,3,21
YLR415C,,,dma3479,10,3,22
YML052W,SUR7,,dma3576,10,3,23
YOR202W,HIS3,,dma1,10,3,24
YOR202W,HIS3,,dma1,10,4,1
YMR063W,RIM9,,dma3661,10,4,2
YMR170C,ALD2,,dma3758,10,4,3
YMR060C,SAM37,,dma3662,10,4,4
YMR169C,ALD3,,dma3759,10,4,5
YMR058W,FET3,,dma3663,10,4,6
YMR167W,MLH1,,dma3760,10,4,7
YMR057C,,,dma3664,10,4,8
YMR166C,MME1,,dma3761,10,4,9
YMR056C,AAC1,,dma3665,10,4,10
YMR164C,MSS11,,dma3762,10,4,11
YMR055C,BUB2,,dma3666,10,4,12
YMR163C,INP2,,dma3763,10,4,13
YMR054W,STV1,,dma3667,10,4,14
YMR162C,DNF3,,dma3764,10,4,15
YMR053C,STB2,,dma3668,10,4,16
YMR161W,HLJ1,,dma3765,10,4,17
YMR052W,FAR3,,dma3669,10,4,18
YMR160W,,,dma3766,10,4,19
YMR052C-A,,,dma3670,10,4,20
YMR159C,ATG16,,dma3767,10,4,21
YMR048W,CSM3,,dma3671,10,4,22
YMR158W-B,,,dma3768,10,4,23
YOR202W,HIS3,,dma1,10,4,24
YOR202W,HIS3,,dma1,10,5,1
YLR442C,SIR3,,dma3481,10,5,2
YML081C-A,ATP18,,dma3578,10,5,3
YLR441C,RPS1A,,dma3482,10,5,4
YML076C,WAR1,,dma3579,10,5,5
YLR438W,CAR2,,dma3483,10,5,6
YML075C,HMG1,,dma3580,10,5,7
YLR437C,DIF1,,dma3484,10,5,8
YML074C,FPR3,,dma3581,10,5,9
YLR436C,ECM30,,dma3485,10,5,10
YML072C,TCB3,,dma3582,10,5,11
YLR435W,TSR2,tsr2-supp1,dma3486,10,5,12
YML071C,COG8,,dma3583,10,5,13
YLR434C,,,dma3487,10,5,14
YML070W,DAK1,,dma3584,10,5,15
YLR433C,CNA1,,dma3488,10,5,16
YML068W,ITT1,,dma3585,10,5,17
YLR432W,IMD3,,dma3489,10,5,18
YML067C,ERV41,,dma3586,10,5,19
YLR431C,ATG23,,dma3490,10,5,20
YML066C,SMA2,,dma3587,10,5,21
YLR429W,CRN1,,dma3491,10,5,22
YML063W,RPS1B,,dma3588,10,5,23
YOR202W,HIS3,,dma1,10,5,24
YOR202W,HIS3,,dma1,10,6,1
YMR086C-A,,,dma3673,10,6,2
YMR179W,SPT21,,dma3770,10,6,3
YMR085W,,,dma3674,10,6,4
YMR178W,,,dma3771,10,6,5
YMR080C,NAM7,,dma3675,10,6,6
YMR177W,MMT1,,dma3772,10,6,7
YMR078C,CTF18,,dma3676,10,6,8
YMR176W,ECM5,,dma3773,10,6,9
YMR075W,RCO1,,dma3677,10,6,10
YMR175W,SIP18,,dma3774,10,6,11
YMR075C-A,,,dma3678,10,6,12
YMR174C,PAI3,,dma3775,10,6,13
YMR073C,IRC21,,dma3679,10,6,14
YMR173W-A,,,dma3776,10,6,15
YMR070W,MOT3,,dma3680,10,6,16
YMR173W,DDR48,,dma3777,10,6,17
YMR068W,AVO2,,dma3681,10,6,18
YMR172W,HOT1,,dma3778,10,6,19
YMR067C,UBX4,,dma3682,10,6,20
YMR172C-A,,,dma3779,10,6,21
YMR065W,KAR5,,dma3683,10,6,22
YMR171C,EAR1,,dma3780,10,6,23
YOR202W,HIS3,,dma1,10,6,24
YOR202W,HIS3,,dma1,10,7,1
YLR454W,FMP27,,dma3493,10,7,2
YML102W,CAC2,,dma3590,10,7,3
YLR453C,RIF2,,dma3494,10,7,4
YML101C-A,,,dma3591,10,7,5
YLR452C,SST2,,dma3495,10,7,6
YML101C,CUE4,,dma3592,10,7,7
YLR451W,LEU3,,dma3496,10,7,8
YML100W-A,,,dma3593,10,7,9
YLR450W,HMG2,,dma3497,10,7,10
YML100W,TSL1,,dma3594,10,7,11
YLR449W,FPR4,,dma3498,10,7,12
YML099C,ARG81,,dma3595,10,7,13
YLR448W,RPL6B,,dma3499,10,7,14
YML097C,VPS9,,dma3596,10,7,15
YLR446W,,,dma3500,10,7,16
YML096W,,,dma3597,10,7,17
YLR445W,GMC2,,dma3501,10,7,18
YML095C,RAD10,,dma3598,10,7,19
YLR444C,,,dma3502,10,7,20
YML094W,GIM5,,dma3599,10,7,21
YLR443W,ECM7,,dma3503,10,7,22
YML090W,,,dma3600,10,7,23
YOR202W,HIS3,,dma1,10,7,24
YOR202W,HIS3,,dma1,10,8,1
YMR103C,,,dma3685,10,8,2
YMR192W,GYL1,,dma3782,10,8,3
YMR102C,,,dma3686,10,8,4
YMR191W,SPG5,,dma3783,10,8,5
YMR101C,SRT1,,dma3687,10,8,6
YMR190C,SGS1,,dma3784,10,8,7
YMR100W,MUB1,,dma3688,10,8,8
YMR189W,GCV2,,dma3785,10,8,9
YMR099C,,,dma3689,10,8,10
YMR188C,MRPS17,,dma3786,10,8,11
YMR096W,SNZ1,,dma3690,10,8,12
YMR187C,,,dma3787,10,8,13
YMR095C,SNO1,,dma3691,10,8,14
YMR186W,HSC82,,dma3788,10,8,15
YMR092C,AIP1,,dma3692,10,8,16
YMR183C,SSO2,,dma3789,10,8,17
YMR088C,VBA1,,dma3693,10,8,18
YMR182C,RGM1,,dma3790,10,8,19
YMR087W,,,dma3694,10,8,20
YMR181C,,,dma3791,10,8,21
YMR086W,SEG1,,dma3695,10,8,22
YMR180C,CTL1,,dma3792,10,8,23
YOR202W,HIS3,,dma1,10,8,24
YOR202W,HIS3,,dma1,10,9,1
YML007W,YAP1,,dma3505,10,9,2
YML118W,NGL3,,dma3602,10,9,3
YML006C,GIS4,,dma3506,10,9,4
YML116W-A,,,dma3603,10,9,5
YML005W,TRM12,,dma3507,10,9,6
YML117W,NAB6,,dma3604,10,9,7
YML004C,GLO1,,dma3508,10,9,8
YML116W,ATR1,,dma3605,10,9,9
YML003W,,,dma3509,10,9,10
YML113W,DAT1,,dma3606,10,9,11
YML002W,,,dma3510,10,9,12
YML109W,ZDS2,,dma3607,10,9,13
YML001W,YPT7,,dma3511,10,9,14
YML108W,,,dma3608,10,9,15
YLR461W,PAU4,,dma3512,10,9,16
YML107C,PML39,,dma3609,10,9,17
YLR460C,,,dma3513,10,9,18
YML106W,URA5,,dma3610,10,9,19
YLR456W,,,dma3514,10,9,20
YML104C,MDM1,,dma3611,10,9,21
YLR455W,PDP3,,dma3515,10,9,22
YML103C,NUP188,,dma3612,10,9,23
YOR202W,HIS3,,dma1,10,9,24
YOR202W,HIS3,,dma1,10,10,1
YMR119W,ASI1,,dma3697,10,10,2
YMR206W,,,dma3794,10,10,3
YMR116C,ASC1,,dma3698,10,10,4
YMR205C,PFK2,pfk2-supp1,dma3795,10,10,5
YMR115W,MGR3,,dma3699,10,10,6
YMR204C,INP1,,dma3796,10,10,7
YMR114C,,,dma3700,10,10,8
YMR202W,ERG2,,dma3797,10,10,9
YMR111C,,,dma3701,10,10,10
YMR201C,RAD14,,dma3798,10,10,11
YMR110C,HFD1,,dma3702,10,10,12
YMR199W,CLN1,,dma3799,10,10,13
YMR109W,MYO5,,dma3703,10,10,14
YMR198W,CIK1,,dma3800,10,10,15
YMR107W,SPG4,,dma3704,10,10,16
YMR196W,,,dma3801,10,10,17
YMR106C,YKU80,,dma3705,10,10,18
YMR195W,ICY1,,dma3802,10,10,19
YMR105C,PGM2,,dma3706,10,10,20
YMR194W,RPL36A,,dma3803,10,10,21
YMR104C,YPK2,,dma3707,10,10,22
YMR193C-A,,,dma3804,10,10,23
YOR202W,HIS3,,dma1,10,10,24
YOR202W,HIS3,,dma1,10,11,1
YML019W,OST6,,dma3517,10,11,2
YMR004W,MVP1,,dma3614,10,11,3
YML018C,,,dma3518,10,11,4
YMR003W,AIM34,,dma3615,10,11,5
YML017W,PSP2,,dma3519,10,11,6
YMR002W,MIX17,,dma3616,10,11,7
YML016C,PPZ1,,dma3520,10,11,8
YML131W,,,dma3617,10,11,9
YML013W,UBX2,ubx2-supp1,dma3521,10,11,10
YML128C,MSC1,,dma3618,10,11,11
YML012C-A,,,dma3522,10,11,12
YML124C,TUB3,,dma3619,10,11,13
YML012W,ERV25,,dma3523,10,11,14
YML123C,PHO84,,dma3620,10,11,15
YML011C,RAD33,,dma3524,10,11,16
YML122C,,yml122c-supp1,dma3621,10,11,17
YML009C-A,,,dma3525,10,11,18
YML121W,GTR1,,dma3622,10,11,19
YML009C,MRPL39,,dma3526,10,11,20
YML120C,NDI1,,dma3623,10,11,21
YML008C,ERG6,,dma3527,10,11,22
YML119W,,,dma3624,10,11,23
YOR202W,HIS3,,dma1,10,11,24
YOR202W,HIS3,,dma1,10,12,1
YMR132C,JLP2,,dma3709,10,12,2
YMR224C,MRE11,,dma3806,10,12,3
YMR130W,,,dma3710,10,12,4
YMR223W,UBP8,,dma3807,10,12,5
YMR129W,POM152,,dma3711,10,12,6
YMR222C,FSH2,,dma3808,10,12,7
YMR127C,SAS2,,dma3712,10,12,8
YMR221C,,,dma3809,10,12,9
YMR126C,DLT1,,dma3713,10,12,10
YMR219W,ESC1,,dma3810,10,12,11
YMR124W,EPO1,,dma3714,10,12,12
YMR216C,SKY1,,dma3811,10,12,13
YMR123W,PKR1,,dma3715,10,12,14
YMR215W,GAS3,,dma3812,10,12,15
YMR122C,,,dma3716,10,12,16
YMR214W,SCJ1,,dma3813,10,12,17
YMR121C,RPL15B,,dma3717,10,12,18
YMR210W,,,dma3814,10,12,19
YMR120C,ADE17,,dma3718,10,12,20
YMR209C,,,dma3815,10,12,21
YMR119W-A,,,dma3719,10,12,22
YMR207C,HFA1,,dma3816,10,12,23
YOR202W,HIS3,,dma1,10,12,24
YOR202W,HIS3,,dma1,10,13,1
YML034W,SRC1,,dma3529,10,13,2
YMR018W,,,dma3626,10,13,3
YML033W,,,dma3530,10,13,4
YMR017W,SPO20,,dma3627,10,13,5
YML032C,RAD52,,dma3531,10,13,6
YMR016C,SOK2,,dma3628,10,13,7
YML030W,RCF1,,dma3532,10,13,8
YMR015C,ERG5,,dma3629,10,13,9
YML029W,USA1,,dma3533,10,13,10
YMR012W,CLU1,,dma3630,10,13,11
YML028W,TSA1,,dma3534,10,13,12
YMR011W,HXT2,,dma3631,10,13,13
YML027W,YOX1,,dma3535,10,13,14
YMR010W,,,dma3632,10,13,15
YML026C,RPS18B,,dma3536,10,13,16
YMR009W,ADI1,,dma3633,10,13,17
YML022W,APT1,,dma3537,10,13,18
YMR008C,PLB1,,dma3634,10,13,19
YML021C,UNG1,,dma3538,10,13,20
YMR007W,,,dma3635,10,13,21
YML020W,,,dma3539,10,13,22
YMR006C,PLB2,,dma3636,10,13,23
YOR202W,HIS3,,dma1,10,13,24
YOR202W,HIS3,,dma1,10,14,1
YMR144W,,,dma3721,10,14,2
YMR244C-A,COA6,,dma3818,10,14,3
YMR143W,RPS16A,,dma3722,10,14,4
YMR243C,ZRC1,,dma3819,10,14,5
YMR141C,,,dma3723,10,14,6
YMR241W,YHM2,,dma3820,10,14,7
YMR140W,SIP5,,dma3724,10,14,8
YMR238W,DFG5,,dma3821,10,14,9
YMR139W,RIM11,,dma3725,10,14,10
YMR237W,BCH1,,dma3822,10,14,11
YMR138W,CIN4,,dma3726,10,14,12
YMR234W,RNH1,,dma3823,10,14,13
YMR137C,PSO2,,dma3727,10,14,14
YMR233W,TRI1,,dma3824,10,14,15
YMR136W,GAT2,,dma3728,10,14,16
YMR232W,FUS2,,dma3825,10,14,17
YMR135W-A,,,dma3729,10,14,18
YMR230W,RPS10B,,dma3826,10,14,19
YMR135C,GID8,,dma3730,10,14,20
YMR226C,,,dma3827,10,14,21
YMR133W,REC114,,dma3731,10,14,22
YMR225C,MRPL44,,dma3828,10,14,23
YOR202W,HIS3,,dma1,10,14,24
YOR202W,HIS3,,dma1,10,15,1
YML051W,GAL80,,dma3541,10,15,2
YMR031C,EIS1,,dma3638,10,15,3
YML047W-A,,,dma3542,10,15,4
YMR030W,RSF1,,dma3639,10,15,5
YML048W,GSF2,,dma3543,10,15,6
YMR029C,FAR8,,dma3640,10,15,7
YML047C,PRM6,,dma3544,10,15,8
YMR027W,,,dma3641,10,15,9
YML042W,CAT2,,dma3545,10,15,10
YMR026C,PEX12,,dma3642,10,15,11
YML041C,VPS71,,dma3546,10,15,12
YMR025W,CSI1,,dma3643,10,15,13
YML038C,YMD8,,dma3547,10,15,14
YMR023C,MSS1,,dma3644,10,15,15
YML037C,,,dma3548,10,15,16
YMR022W,UBC7,,dma3645,10,15,17
YML036W,CGI121,,dma3549,10,15,18
YMR021C,MAC1,mac1-supp1,dma3646,10,15,19
YML034C-A,,,dma3550,10,15,20
YMR020W,FMS1,,dma3647,10,15,21
YML035C,AMD1,,dma3551,10,15,22
YMR019W,STB4,,dma3648,10,15,23
YOR202W,HIS3,,dma1,10,15,24
YOR202W,HIS3,,dma1,10,16,1
YOR202W,HIS3,,dma1,10,16,2
YOR202W,HIS3,,dma1,10,16,3
YOR202W,HIS3,,dma1,10,16,4
YOR202W,HIS3,,dma1,10,16,5
YOR202W,HIS3,,dma1,10,16,6
YOR202W,HIS3,,dma1,10,16,7
YOR202W,HIS3,,dma1,10,16,8
YOR202W,HIS3,,dma1,10,16,9
YOR202W,HIS3,,dma1,10,16,10
YOR202W,HIS3,,dma1,10,16,11
YOR202W,HIS3,,dma1,10,16,12
YOR202W,HIS3,,dma1,10,16,13
YOR202W,HIS3,,dma1,10,16,14
YOR202W,HIS3,,dma1,10,16,15
YOR202W,HIS3,,dma1,10,16,16
YOR202W,HIS3,,dma1,10,16,17
YOR202W,HIS3,,dma1,10,16,18
YOR202W,HIS3,,dma1,10,16,19
YOR202W,HIS3,,dma1,10,16,20
YOR202W,HIS3,,dma1,10,16,21
YOR202W,HIS3,,dma1,10,16,22
YOR202W,HIS3,,dma1,10,16,23
YOR202W,HIS3,,dma1,10,16,24
YOR202W,HIS3,,dma1,11,1,1
YOR202W,HIS3,,dma1,11,1,2
YOR202W,HIS3,,dma1,11,1,3
YOR202W,HIS3,,dma1,11,1,4
YOR202W,HIS3,,dma1,11,1,5
YOR202W,HIS3,,dma1,11,1,6
YOR202W,HIS3,,dma1,11,1,7
YOR202W,HIS3,,dma1,11,1,8
YOR202W,HIS3,,dma1,11,1,9
YOR202W,HIS3,,dma1,11,1,10
YOR202W,HIS3,,dma1,11,1,11
YOR202W,HIS3,,dma1,11,1,12
YOR202W,HIS3,,dma1,11,1,13
YOR202W,HIS3,,dma1,11,1,14
YOR202W,HIS3,,dma1,11,1,15
YOR202W,HIS3,,dma1,11,1,16
YOR202W,HIS3,,dma1,11,1,17
YOR202W,HIS3,,dma1,11,1,18
YOR202W,HIS3,,dma1,11,1,19
YOR202W,HIS3,,dma1,11,1,20
YOR202W,HIS3,,dma1,11,1,21
YOR202W,HIS3,,dma1,11,1,22
YOR202W,HIS3,,dma1,11,1,23
YOR202W,HIS3,,dma1,11,1,24
YOR202W,HIS3,,dma1,11,2,1
YNL146W,,,dma4033,11,2,2
YNL274C,GOR1,,dma4130,11,2,3
YNL145W,MFA2,,dma4034,11,2,4
YNL273W,TOF1,,dma4131,11,2,5
YNL144C,,,dma4035,11,2,6
YNL271C,BNI1,,dma4132,11,2,7
YNL143C,,,dma4036,11,2,8
YNL270C,ALP1,,dma4133,11,2,9
YNL142W,MEP2,,dma4037,11,2,10
YNL268W,LYP1,,dma4134,11,2,11
YNL141W,AAH1,,dma4038,11,2,12
YNL266W,,,dma4135,11,2,13
YNL140C,,,dma4039,11,2,14
YNL265C,IST1,,dma4136,11,2,15
YNL136W,EAF7,,dma4040,11,2,16
YNL259C,ATX1,,dma4137,11,2,17
YNL135C,FPR1,,dma4041,11,2,18
YNL257C,SIP3,,dma4138,11,2,19
YNL134C,,,dma4042,11,2,20
YNL255C,GIS2,,dma4139,11,2,21
YNL130C,CPT1,,dma4043,11,2,22
YNL254C,RTC4,,dma4140,11,2,23
YOR202W,HIS3,,dma1,11,2,24
YOR202W,HIS3,,dma1,11,3,1
YMR255W,GFD1,,dma3853,11,3,2
YNL035C,,,dma3950,11,3,3
YMR254C,,,dma3854,11,3,4
YNL034W,,,dma3951,11,3,5
YMR253C,,,dma3855,11,3,6
YNL032W,SIW14,,dma3952,11,3,7
YMR252C,,,dma3856,11,3,8
YNL031C,HHT2,,dma3953,11,3,9
YMR251W-A,HOR7,,dma3857,11,3,10
YNL030W,HHF2,,dma3954,11,3,11
YMR251W,GTO3,,dma3858,11,3,12
YNL029C,KTR5,,dma3955,11,3,13
YMR250W,GAD1,,dma3859,11,3,14
YNL028W,,,dma3956,11,3,15
YMR247C,RKR1,,dma3860,11,3,16
YNL027W,CRZ1,,dma3957,11,3,17
YMR246W,FAA4,,dma3861,11,3,18
YNL024C,EFM6,,dma3958,11,3,19
YMR245W,,,dma3862,11,3,20
YNL023C,FAP1,,dma3959,11,3,21
YMR244W,,,dma3863,11,3,22
YNL022C,RCM1,,dma3960,11,3,23
YOR202W,HIS3,,dma1,11,3,24
YOR202W,HIS3,,dma1,11,4,1
YNL167C,SKO1,,dma4045,11,4,2
YNL289W,PCL1,,dma4142,11,4,3
YNL166C,BNI5,,dma4046,11,4,4
YNL288W,CAF40,,dma4143,11,4,5
YNL165W,,,dma4047,11,4,6
YNL286W,CUS2,,dma4144,11,4,7
YNL164C,IBD2,,dma4048,11,4,8
YNL285W,,,dma4145,11,4,9
YNL162W,RPL42A,,dma4049,11,4,10
YNL283C,WSC2,,dma4146,11,4,11
YNL159C,ASI2,,dma4050,11,4,12
YNL281W,HCH1,,dma4147,11,4,13
YNL157W,IGO1,,dma4051,11,4,14
YNL280C,ERG24,,dma4148,11,4,15
YNL156C,NSG2,,dma4052,11,4,16
YNL279W,PRM1,,dma4149,11,4,17
YNL155W,CUZ1,,dma4053,11,4,18
YNL278W,CAF120,,dma4150,11,4,19
YNL154C,YCK2,,dma4054,11,4,20
YNL277W,MET2,,dma4151,11,4,21
YNL153C,GIM3,,dma4055,11,4,22
YNL275W,BOR1,,dma4152,11,4,23
YOR202W,HIS3,,dma1,11,4,24
YOR202W,HIS3,,dma1,11,5,1
YMR271C,URA10,,dma3865,11,5,2
YNL052W,COX5A,,dma3962,11,5,3
YMR269W,TMA23,,dma3866,11,5,4
YNL051W,COG5,,dma3963,11,5,5
YMR266W,RSN1,,dma3867,11,5,6
YNL050C,,,dma3964,11,5,7
YMR265C,,,dma3868,11,5,8
YNL049C,SFB2,,dma3965,11,5,9
YMR264W,CUE1,,dma3869,11,5,10
YNL046W,,,dma3966,11,5,11
YMR263W,SAP30,,dma3870,11,5,12
YNL045W,LAP2,,dma3967,11,5,13
YMR262W,,,dma3871,11,5,14
YNL044W,YIP3,,dma3968,11,5,15
YMR261C,TPS3,,dma3872,11,5,16
YNL043C,,,dma3969,11,5,17
YMR259C,TRM732,,dma3873,11,5,18
YNL041C,COG6,,dma3970,11,5,19
YMR258C,ROY1,,dma3874,11,5,20
YNL040W,,,dma3971,11,5,21
YMR256C,COX7,,dma3875,11,5,22
YNL037C,IDH1,,dma3972,11,5,23
YOR202W,HIS3,,dma1,11,5,24
YOR202W,HIS3,,dma1,11,6,1
YNL190W,,,dma4057,11,6,2
YNL301C,RPL18B,,dma4154,11,6,3
YNL187W,SWT21,,dma4058,11,6,4
YNL300W,TOS6,,dma4155,11,6,5
YNL183C,NPR1,,dma4059,11,6,6
YNL299W,TRF5,,dma4156,11,6,7
YNL179C,,,dma4060,11,6,8
YNL298W,CLA4,,dma4157,11,6,9
YNL176C,TDA7,,dma4061,11,6,10
YNL297C,MON2,mon2-supp2,dma4158,11,6,11
YNL175C,NOP13,,dma4062,11,6,12
YNL296W,,ynl296w-supp1,dma4159,11,6,13
YNL173C,MDG1,,dma4063,11,6,14
YNL295W,MRX6,,dma4160,11,6,15
YNL171C,,ynl171c-supp1,dma4064,11,6,16
YNL294C,RIM21,,dma4161,11,6,17
YNL170W,,,dma4065,11,6,18
YNL293W,MSB3,,dma4162,11,6,19
YNL169C,PSD1,,dma4066,11,6,20
YNL292W,PUS4,,dma4163,11,6,21
YNL168C,FMP41,,dma4067,11,6,22
YNL291C,MID1,,dma4164,11,6,23
YOR202W,HIS3,,dma1,11,6,24
YOR202W,HIS3,,dma1,11,7,1
YMR284W,YKU70,,dma3877,11,7,2
YNL068C,FKH2,,dma3974,11,7,3
YMR283C,RIT1,,dma3878,11,7,4
YNL067W,RPL9B,,dma3975,11,7,5
YMR282C,AEP2,,dma3879,11,7,6
YNL066W,SUN4,,dma3976,11,7,7
YMR280C,CAT8,,dma3880,11,7,8
YNL065W,AQR1,,dma3977,11,7,9
YMR279C,,,dma3881,11,7,10
YJR109C,CPA2,,dma2706,11,7,11
YMR278W,PRM15,,dma3882,11,7,12
YNL064C,YDJ1,,dma3979,11,7,13
YMR276W,DSK2,,dma3883,11,7,14
YNL063W,MTQ1,,dma3980,11,7,15
YMR275C,BUL1,,dma3884,11,7,16
YNL058C,,,dma3981,11,7,17
YMR274C,RCE1,,dma3885,11,7,18
YNL057W,,,dma3982,11,7,19
YMR273C,ZDS1,,dma3886,11,7,20
YNL056W,OCA2,,dma3983,11,7,21
YMR272C,SCS7,,dma3887,11,7,22
YNL054W,VAC7,,dma3984,11,7,23
YOR202W,HIS3,,dma1,11,7,24
YOR202W,HIS3,,dma1,11,8,1
YNL201C,PSY2,,dma4069,11,8,2
YNL318C,HXT14,,dma4166,11,8,3
YNL200C,,,dma4070,11,8,4
YNL316C,PHA2,,dma4167,11,8,5
YNL199C,GCR2,,dma4071,11,8,6
YNL315C,ATP11,,dma4168,11,8,7
YNL198C,,,dma4072,11,8,8
YNL314W,DAL82,,dma4169,11,8,9
YNL197C,WHI3,,dma4073,11,8,10
YNL311C,SKP2,,dma4170,11,8,11
YNL196C,SLZ1,,dma4074,11,8,12
YNL309W,STB1,,dma4171,11,8,13
YNL195C,,,dma4075,11,8,14
YNL307C,MCK1,,dma4172,11,8,15
YNL194C,,,dma4076,11,8,16
YNL305C,BXI1,,dma4173,11,8,17
YNL193W,,,dma4077,11,8,18
YNL304W,YPT11,,dma4174,11,8,19
YNL192W,CHS1,,dma4078,11,8,20
YNL303W,,,dma4175,11,8,21
YNL191W,DUG3,,dma4079,11,8,22
YNL302C,RPS19B,,dma4176,11,8,23
YOR202W,HIS3,,dma1,11,8,24
YOR202W,HIS3,,dma1,11,9,1
YMR302C,YME2,,dma3889,11,9,2
YNL081C,SWS2,sws2-supp2,dma3986,11,9,3
YMR300C,ADE4,,dma3890,11,9,4
YNL080C,EOS1,eos1-supp1,dma3987,11,9,5
YMR299C,DYN3,,dma3891,11,9,6
YNL079C,TPM1,tpm1-supp1,dma3988,11,9,7
YMR297W,PRC1,,dma3892,11,9,8
YNL078W,NIS1,,dma3989,11,9,9
YMR295C,,,dma3893,11,9,10
YNL077W,APJ1,,dma3990,11,9,11
YMR294W-A,,,dma3894,11,9,12
YNL076W,MKS1,mks1-supp1,dma3991,11,9,13
YMR294W,JNM1,,dma3895,11,9,14
YNL074C,MLF3,,dma3992,11,9,15
YMR292W,GOT1,,dma3896,11,9,16
YNL072W,RNH201,,dma3993,11,9,17
YMR291W,TDA1,,dma3897,11,9,18
YNL071W,LAT1,,dma3994,11,9,19
YMR289W,ABZ2,,dma3898,11,9,20
YNL070W,TOM7,,dma3995,11,9,21
YMR285C,NGL2,,dma3899,11,9,22
YNL069C,RPL16B,,dma3996,11,9,23
YOR202W,HIS3,,dma1,11,9,24
YOR202W,HIS3,,dma1,11,10,1
YNL217W,,,dma4081,11,10,2
YNL329C,PEX6,,dma4178,11,10,3
YNL215W,IES2,,dma4082,11,10,4
YNL328C,MDJ2,,dma4179,11,10,5
YNL214W,PEX17,,dma4083,11,10,6
YNL327W,EGT2,,dma4180,11,10,7
YNL212W,VID27,,dma4084,11,10,8
YNL326C,PFA3,,dma4181,11,10,9
YNL211C,MRX7,,dma4085,11,10,10
YNL325C,FIG4,,dma4182,11,10,11
YNL208W,,,dma4086,11,10,12
YNL324W,,,dma4183,11,10,13
YNL206C,RTT106,,dma4087,11,10,14
YNL323W,LEM3,,dma4184,11,10,15
YNL205C,,,dma4088,11,10,16
YNL322C,KRE1,,dma4185,11,10,17
YNL204C,SPS18,,dma4089,11,10,18
YNL321W,VNX1,,dma4186,11,10,19
YNL203C,,,dma4090,11,10,20
YNL320W,,,dma4187,11,10,21
YNL202W,SPS19,,dma4091,11,10,22
YNL319W,,,dma4188,11,10,23
YOR202W,HIS3,,dma1,11,10,24
YOR202W,HIS3,,dma1,11,11,1
YMR313C,TGL3,,dma3901,11,11,2
YNL095C,,,dma3998,11,11,3
YMR312W,ELP6,,dma3902,11,11,4
YNL094W,APP1,,dma3999,11,11,5
YMR311C,GLC8,,dma3903,11,11,6
YNL093W,YPT53,,dma4000,11,11,7
YMR310C,,,dma3904,11,11,8
YNL092W,,,dma4001,11,11,9
YMR307W,GAS1,,dma3905,11,11,10
YNL091W,NST1,,dma4002,11,11,11
YMR306W,FKS3,,dma3906,11,11,12
YNL090W,RHO2,,dma4003,11,11,13
YMR306C-A,,,dma3907,11,11,14
YNL089C,,,dma4004,11,11,15
YMR305C,SCW10,,dma3908,11,11,16
YNL087W,TCB2,,dma4005,11,11,17
YMR304W,UBP15,,dma3909,11,11,18
YNL085W,MKT1,,dma4006,11,11,19
YMR304C-A,,,dma3910,11,11,20
YNL083W,SAL1,,dma4007,11,11,21
YMR303C,ADH2,,dma3911,11,11,22
YNL082W,PMS1,,dma4008,11,11,23
YOR202W,HIS3,,dma1,11,11,24
YOR202W,HIS3,,dma1,11,12,1
YNL233W,BNI4,,dma4093,11,12,2
YNR004W,SWM2,,dma4190,11,12,3
YNL231C,PDR16,,dma4094,11,12,4
YNR002C,ATO2,,dma4191,11,12,5
YNL230C,ELA1,,dma4095,11,12,6
YNR001C,CIT1,,dma4192,11,12,7
YNL229C,URE2,,dma4096,11,12,8
YNL001W,DOM34,,dma4193,11,12,9
YNL228W,,,dma4097,11,12,10
YNL338W,,,dma4194,11,12,11
YNL227C,JJJ1,,dma4098,11,12,12
YNL336W,COS1,,dma4195,11,12,13
YNL226W,,,dma4099,11,12,14
YNL335W,DDI3,,dma4196,11,12,15
YNL224C,SQS1,,dma4100,11,12,16
YNL334C,SNO2,,dma4197,11,12,17
YNL223W,ATG4,,dma4101,11,12,18
YNL333W,SNZ2,,dma4198,11,12,19
YNL219C,ALG9,,dma4102,11,12,20
YNL332W,THI12,,dma4199,11,12,21
YNL218W,MGS1,,dma4103,11,12,22
YNL330C,RPD3,,dma4200,11,12,23
YOR202W,HIS3,,dma1,11,12,24
YOR202W,HIS3,,dma1,11,13,1
YNL339C,YRF1-6,,dma3913,11,13,2
YNL115C,,,dma4010,11,13,3
YMR326C,,,dma3914,11,13,4
YNL108C,,,dma4011,11,13,5
YMR322C,SNO4,,dma3915,11,13,6
YNL107W,YAF9,,dma4012,11,13,7
YMR320W,,,dma3916,11,13,8
YNL106C,INP52,,dma4013,11,13,9
YMR319C,FET4,,dma3917,11,13,10
YNL105W,RRT16,,dma4014,11,13,11
YMR318C,ADH6,,dma3918,11,13,12
YNL104C,LEU4,,dma4015,11,13,13
YMR317W,,,dma3919,11,13,14
YNL101W,AVT4,,dma4016,11,13,15
YMR316W,DIA1,,dma3920,11,13,16
YNL100W,MIC27,,dma4017,11,13,17
YMR316C-B,,,dma3921,11,13,18
YNL099C,OCA1,,dma4018,11,13,19
YMR316C-A,,,dma3922,11,13,20
YNL098C,RAS2,,dma4019,11,13,21
YMR315W,,,dma3923,11,13,22
YNL097C,PHO23,,dma4020,11,13,23
YOR202W,HIS3,,dma1,11,13,24
YOR202W,HIS3,,dma1,11,14,1
YNL253W,TEX1,,dma4105,11,14,2
YNR018W,RCF2,,dma4202,11,14,3
YNL249C,MPA43,,dma4106,11,14,4
YNR015W,SMM1,,dma4203,11,14,5
YNL246W,VPS75,,dma4107,11,14,6
YNR014W,,,dma4204,11,14,7
YNL242W,ATG2,,dma4108,11,14,8
YNR013C,PHO91,,dma4205,11,14,9
YNL241C,ZWF1,,dma4109,11,14,10
YNR012W,URK1,,dma4206,11,14,11
YNL239W,LAP3,,dma4110,11,14,12
YNR010W,CSE2,,dma4207,11,14,13
YNL238W,KEX2,,dma4111,11,14,14
YNR009W,NRM1,,dma4208,11,14,15
YNL237W,YTP1,,dma4112,11,14,16
YNR008W,LRO1,,dma4209,11,14,17
YNL236W,SIN4,,dma4113,11,14,18
YNR007C,ATG3,,dma4210,11,14,19
YNL235C,,,dma4114,11,14,20
YNR006W,VPS27,,dma4211,11,14,21
YNL234W,,,dma4115,11,14,22
YNR005C,,,dma4212,11,14,23
YOR202W,HIS3,,dma1,11,14,24
YOR202W,HIS3,,dma1,11,15,1
YNL021W,HDA1,,dma3925,11,15,2
YNL129W,NRK1,,dma4022,11,15,3
YNL020C,ARK1,,dma3926,11,15,4
YNL128W,TEP1,,dma4023,11,15,5
YNL016W,PUB1,,dma3927,11,15,6
YNL127W,FAR11,,dma4024,11,15,7
YNL015W,PBI2,,dma3928,11,15,8
YNL125C,ESBP6,,dma4025,11,15,9
YNL013C,,,dma3929,11,15,10
YNL123W,NMA111,,dma4026,11,15,11
YNL012W,SPO1,,dma3930,11,15,12
YNL122C,,,dma4027,11,15,13
YNL010W,,,dma3931,11,15,14
YNL121C,TOM70,,dma4028,11,15,15
YNL009W,IDP3,,dma3932,11,15,16
YNL120C,,,dma4029,11,15,17
YNL008C,ASI3,,dma3933,11,15,18
YNL119W,NCS2,,dma4030,11,15,19
YNL004W,HRB1,,dma3934,11,15,20
YNL117W,MLS1,,dma4031,11,15,21
YNL003C,PET8,,dma3935,11,15,22
YNL116W,DMA2,,dma4032,11,15,23
YOR202W,HIS3,,dma1,11,15,24
YOR202W,HIS3,,dma1,11,16,1
YOR202W,HIS3,,dma1,11,16,2
YOR202W,HIS3,,dma1,11,16,3
YOR202W,HIS3,,dma1,11,16,4
YOR202W,HIS3,,dma1,11,16,5
YOR202W,HIS3,,dma1,11,16,6
YOR202W,HIS3,,dma1,11,16,7
YOR202W,HIS3,,dma1,11,16,8
YOR202W,HIS3,,dma1,11,16,9
YOR202W,HIS3,,dma1,11,16,10
YOR202W,HIS3,,dma1,11,16,11
YOR202W,HIS3,,dma1,11,16,12
YOR202W,HIS3,,dma1,11,16,13
YOR202W,HIS3,,dma1,11,16,14
YOR202W,HIS3,,dma1,11,16,15
YOR202W,HIS3,,dma1,11,16,16
YOR202W,HIS3,,dma1,11,16,17
YOR202W,HIS3,,dma1,11,16,18
YOR202W,HIS3,,dma1,11,16,19
YOR202W,HIS3,,dma1,11,16,20
YOR202W,HIS3,,dma1,11,16,21
YOR202W,HIS3,,dma1,11,16,22
YOR202W,HIS3,,dma1,11,16,23
YOR202W,HIS3,,dma1,11,16,24
YOR202W,HIS3,,dma1,12,1,1
YOR202W,HIS3,,dma1,12,1,2
YOR202W,HIS3,,dma1,12,1,3
YOR202W,HIS3,,dma1,12,1,4
YOR202W,HIS3,,dma1,12,1,5
YOR202W,HIS3,,dma1,12,1,6
YOR202W,HIS3,,dma1,12,1,7
YOR202W,HIS3,,dma1,12,1,8
YOR202W,HIS3,,dma1,12,1,9
YOR202W,HIS3,,dma1,12,1,10
YOR202W,HIS3,,dma1,12,1,11
YOR202W,HIS3,,dma1,12,1,12
YOR202W,HIS3,,dma1,12,1,13
YOR202W,HIS3,,dma1,12,1,14
YOR202W,HIS3,,dma1,12,1,15
YOR202W,HIS3,,dma1,12,1,16
YOR202W,HIS3,,dma1,12,1,17
YOR202W,HIS3,,dma1,12,1,18
YOR202W,HIS3,,dma1,12,1,19
YOR202W,HIS3,,dma1,12,1,20
YOR202W,HIS3,,dma1,12,1,21
YOR202W,HIS3,,dma1,12,1,22
YOR202W,HIS3,,dma1,12,1,23
YOR202W,HIS3,,dma1,12,1,24
YOR202W,HIS3,,dma1,12,2,1
YOR006C,TSR3,,dma4417,12,2,2
YOR097C,,,dma4514,12,2,3
YOR005C,DNL4,,dma4418,12,2,4
YOR094W,ARF3,,dma4515,12,2,5
YOR003W,YSP3,,dma4419,12,2,6
YOR093C,CMR2,,dma4516,12,2,7
YOR002W,ALG6,,dma4420,12,2,8
YOR092W,ECM3,,dma4517,12,2,9
YOR001W,RRP6,rrp6-supp1,dma4421,12,2,10
YOR091W,TMA46,,dma4518,12,2,11
YOL163W,,,dma4422,12,2,12
YOR090C,PTC5,,dma4519,12,2,13
YOL162W,,,dma4423,12,2,14
YOR089C,VPS21,,dma4520,12,2,15
YOL160W,,,dma4424,12,2,16
YOR088W,,,dma4521,12,2,17
YOL159C,,,dma4425,12,2,18
YOR087W,YVC1,,dma4522,12,2,19
YOL158C,ENB1,,dma4426,12,2,20
YOR086C,TCB1,,dma4523,12,2,21
YOL155C,HPF1,,dma4427,12,2,22
YOR085W,OST3,,dma4524,12,2,23
YOR202W,HIS3,,dma1,12,2,24
YOR202W,HIS3,,dma1,12,3,1
YNR031C,SSK2,,dma4237,12,3,2
YOL055C,THI20,,dma4334,12,3,3
YNR030W,ALG12,,dma4238,12,3,4
YOL054W,PSH1,,dma4335,12,3,5
YNR029C,,,dma4239,12,3,6
YOL053W,AIM39,,dma4336,12,3,7
YNR028W,CPR8,,dma4240,12,3,8
YOL052C-A,DDR2,,dma4337,12,3,9
YNR027W,BUD17,,dma4241,12,3,10
YOL052C,SPE2,,dma4338,12,3,11
YNR025C,,,dma4242,12,3,12
YOL050C,,,dma4339,12,3,13
YNR024W,MPP6,,dma4243,12,3,14
YOL049W,GSH2,,dma4340,12,3,15
YNR022C,MRPL50,,dma4244,12,3,16
YOL048C,RRT8,,dma4341,12,3,17
YNR021W,,,dma4245,12,3,18
YOL047C,LDS2,,dma4342,12,3,19
YNR020C,ATP23,,dma4246,12,3,20
YOL046C,,,dma4343,12,3,21
YNR019W,ARE2,,dma4247,12,3,22
YOL045W,PSK2,,dma4344,12,3,23
YOR202W,HIS3,,dma1,12,3,24
YOR202W,HIS3,,dma1,12,4,1
YOR016C,ERP4,,dma4429,12,4,2
YOR112W,CEX1,,dma4526,12,4,3
YOR015W,,,dma4430,12,4,4
YOR111W,,,dma4527,12,4,5
YOR014W,RTS1,,dma4431,12,4,6
YOR109W,INP53,,dma4528,12,4,7
YOR013W,IRC11,,dma4432,12,4,8
YOR108W,LEU9,,dma4529,12,4,9
YOR012W,,,dma4433,12,4,10
YOR107W,RGS2,,dma4530,12,4,11
YOR011W,AUS1,,dma4434,12,4,12
YOR106W,VAM3,,dma4531,12,4,13
YOR010C,TIR2,,dma4435,12,4,14
YOR105W,,,dma4532,12,4,15
YOR009W,TIR4,,dma4436,12,4,16
YOR104W,PIN2,,dma4533,12,4,17
YOR008C-A,,,dma4437,12,4,18
YOR101W,RAS1,,dma4534,12,4,19
YOR008C,SLG1,,dma4438,12,4,20
YOR100C,CRC1,,dma4535,12,4,21
YOR007C,SGT2,,dma4439,12,4,22
YOR099W,KTR1,,dma4536,12,4,23
YOR202W,HIS3,,dma1,12,4,24
YOR202W,HIS3,,dma1,12,5,1
YNR050C,LYS9,,dma4249,12,5,2
YOL067C,RTG1,,dma4346,12,5,3
YNR049C,MSO1,,dma4250,12,5,4
YOL065C,INP54,,dma4347,12,5,5
YNR048W,,,dma4251,12,5,6
YOL064C,MET22,,dma4348,12,5,7
YNR047W,FPK1,,dma4252,12,5,8
YOL063C,CRT10,,dma4349,12,5,9
YNR045W,PET494,,dma4253,12,5,10
YOL062C,APM4,,dma4350,12,5,11
YNR042W,,,dma4254,12,5,12
YOL061W,PRS5,,dma4351,12,5,13
YNR040W,,,dma4255,12,5,14
YOL060C,MAM3,,dma4352,12,5,15
YNR039C,ZRG17,,dma4256,12,5,16
YOL059W,GPD2,,dma4353,12,5,17
YNR034W,SOL1,,dma4257,12,5,18
YOL058W,ARG1,,dma4354,12,5,19
YNR032W,PPG1,,dma4258,12,5,20
YOL057W,,,dma4355,12,5,21
YNR032C-A,HUB1,,dma4259,12,5,22
YOL056W,GPM3,,dma4356,12,5,23
YOR202W,HIS3,,dma1,12,5,24
YOR202W,HIS3,,dma1,12,6,1
YOR028C,CIN5,,dma4441,12,6,2
YOR129C,AFI1,,dma4538,12,6,3
YOR027W,STI1,,dma4442,12,6,4
YOR127W,RGA1,,dma4539,12,6,5
YOR026W,BUB3,,dma4443,12,6,6
YOR126C,IAH1,,dma4540,12,6,7
YOR025W,HST3,,dma4444,12,6,8
YOR124C,UBP2,,dma4541,12,6,9
YOR024W,,,dma4445,12,6,10
YOR123C,LEO1,,dma4542,12,6,11
YOR023C,AHC1,,dma4446,12,6,12
YOR121C,,,dma4543,12,6,13
YOR022C,,,dma4447,12,6,14
YOR120W,GCY1,,dma4544,12,6,15
YOR021C,SFM1,,dma4448,12,6,16
YOR118W,RTC5,,dma4545,12,6,17
YOR019W,,,dma4449,12,6,18
YOR115C,TRS33,,dma4546,12,6,19
YOR018W,ROD1,,dma4450,12,6,20
YOR114W,,,dma4547,12,6,21
YOR017W,PET127,,dma4451,12,6,22
YOR113W,AZF1,,dma4548,12,6,23
YOR202W,HIS3,,dma1,12,6,24
YOR202W,HIS3,,dma1,12,7,1
YNR064C,,,dma4261,12,7,2
YOL085C,,,dma4358,12,7,3
YNR063W,,,dma4262,12,7,4
YOL084W,PHM7,,dma4359,12,7,5
YNR062C,,,dma4263,12,7,6
YOL083W,ATG34,,dma4360,12,7,7
YNR061C,,,dma4264,12,7,8
YOL082W,ATG19,,dma4361,12,7,9
YNR060W,FRE4,,dma4265,12,7,10
YOL081W,IRA2,,dma4362,12,7,11
YNR059W,MNT4,,dma4266,12,7,12
YOL080C,REX4,,dma4363,12,7,13
YNR058W,BIO3,,dma4267,12,7,14
YOL079W,,,dma4364,12,7,15
YNR057C,BIO4,,dma4268,12,7,16
YOL075C,,,dma4365,12,7,17
YNR056C,BIO5,,dma4269,12,7,18
YOL071W,SDH5,,dma4366,12,7,19
YNR055C,HOL1,,dma4270,12,7,20
YOL070C,NBA1,,dma4367,12,7,21
YNR051C,BRE5,,dma4271,12,7,22
YOL068C,HST1,,dma4368,12,7,23
YOR202W,HIS3,,dma1,12,7,24
YOR202W,HIS3,,dma1,12,8,1
YOR040W,GLO4,,dma4453,12,8,2
YOR141C,ARP8,,dma4550,12,8,3
YOR039W,CKB2,,dma4454,12,8,4
YOR140W,SFL1,,dma4551,12,8,5
YOR038C,HIR2,,dma4455,12,8,6
YOR139C,,,dma4552,12,8,7
YOR037W,CYC2,,dma4456,12,8,8
YOR138C,RUP1,,dma4553,12,8,9
YOR035C,SHE4,,dma4457,12,8,10
YOR137C,SIA1,,dma4554,12,8,11
YOR034C,AKR2,,dma4458,12,8,12
YOR136W,IDH2,,dma4555,12,8,13
YOR033C,EXO1,,dma4459,12,8,14
YOR135C,IRC14,,dma4556,12,8,15
YOR032C,HMS1,,dma4460,12,8,16
YOR134W,BAG7,,dma4557,12,8,17
YOR031W,CRS5,,dma4461,12,8,18
YOR133W,EFT1,,dma4558,12,8,19
YOR030W,DFG16,,dma4462,12,8,20
YOR132W,VPS17,,dma4559,12,8,21
YOR029W,,,dma4463,12,8,22
YOR131C,,,dma4560,12,8,23
YOR202W,HIS3,,dma1,12,8,24
YOR202W,HIS3,,dma1,12,9,1
YOL002C,IZH2,,dma4273,12,9,2
YOL101C,IZH4,,dma4370,12,9,3
YOL001W,PHO80,,dma4274,12,9,4
YOL099C,,,dma4371,12,9,5
YNR075W,COS10,,dma4275,12,9,6
YOL098C,SDD3,,dma4372,12,9,7
YNR074C,AIF1,,dma4276,12,9,8
YOL095C,HMI1,,dma4373,12,9,9
YNR073C,,,dma4277,12,9,10
YOL093W,TRM10,,dma4374,12,9,11
YNR072W,HXT17,,dma4278,12,9,12
YOL092W,YPQ1,,dma4375,12,9,13
YNR071C,,,dma4279,12,9,14
YOL091W,SPO21,,dma4376,12,9,15
YNR069C,BSC5,,dma4280,12,9,16
YOL090W,MSH2,,dma4377,12,9,17
YNR067C,DSE4,,dma4281,12,9,18
YOL089C,HAL9,,dma4378,12,9,19
YNR066C,,,dma4282,12,9,20
YOL088C,MPD2,,dma4379,12,9,21
YNR065C,,,dma4283,12,9,22
YOL087C,DUF1,,dma4380,12,9,23
YOR202W,HIS3,,dma1,12,9,24
YOR202W,HIS3,,dma1,12,10,1
YOR053W,,,dma4465,12,10,2
YOR165W,SEY1,,dma4562,12,10,3
YOR052C,TMC1,,dma4466,12,10,4
YOR164C,GET4,,dma4563,12,10,5
YOR051C,ETT1,,dma4467,12,10,6
YOR163W,DDP1,,dma4564,12,10,7
YOR050C,,,dma4468,12,10,8
YOR162C,YRR1,,dma4565,12,10,9
YOR049C,RSB1,,dma4469,12,10,10
YOR161C,PNS1,,dma4566,12,10,11
YOR047C,STD1,,dma4470,12,10,12
YOR156C,NFI1,,dma4567,12,10,13
YOR045W,TOM6,,dma4471,12,10,14
YOR154W,SLP1,,dma4568,12,10,15
YOR044W,IRC23,,dma4472,12,10,16
YOR153W,PDR5,,dma4569,12,10,17
YOR043W,WHI2,,dma4473,12,10,18
YOR152C,ATG40,,dma4570,12,10,19
YOR042W,CUE5,,dma4474,12,10,20
YOR144C,ELG1,,dma4571,12,10,21
YOR041C,,,dma4475,12,10,22
YOR142W,LSC1,,dma4572,12,10,23
YOR202W,HIS3,,dma1,12,10,24
YOR202W,HIS3,,dma1,12,11,1
YOL014W,,,dma4285,12,11,2
YOL113W,SKM1,,dma4382,12,11,3
YOL013W-A,,,dma4286,12,11,4
YOL112W,MSB4,,dma4383,12,11,5
YOL013C,HRD1,,dma4287,12,11,6
YOL111C,MDY2,,dma4384,12,11,7
YOL012C,HTZ1,,dma4288,12,11,8
YOL110W,SHR5,,dma4385,12,11,9
YOL011W,PLB3,,dma4289,12,11,10
YOL109W,ZEO1,,dma4386,12,11,11
YOL009C,MDM12,,dma4290,12,11,12
YOL108C,INO4,,dma4387,12,11,13
YOL008W,COQ10,,dma4291,12,11,14
YOL107W,,,dma4388,12,11,15
YOL007C,CSI2,,dma4292,12,11,16
YOL106W,,,dma4389,12,11,17
YOL006C,TOP1,,dma4293,12,11,18
YOL105C,WSC3,,dma4390,12,11,19
YOL004W,SIN3,,dma4294,12,11,20
YOL104C,NDJ1,,dma4391,12,11,21
YOL003C,PFA4,,dma4295,12,11,22
YOL103W,ITR2,,dma4392,12,11,23
YOR202W,HIS3,,dma1,12,11,24
YOR202W,HIS3,,dma1,12,12,1
YOR069W,VPS5,,dma4477,12,12,2
YOR183W,FYV12,,dma4574,12,12,3
YOR068C,VAM10,,dma4478,12,12,4
YOR182C,RPS30B,,dma4575,12,12,5
YOR067C,ALG8,,dma4479,12,12,6
YOR178C,GAC1,,dma4576,12,12,7
YOR066W,MSA1,,dma4480,12,12,8
YOR177C,MPC54,,dma4577,12,12,9
YOR065W,CYT1,,dma4481,12,12,10
YOR175C,ALE1,,dma4578,12,12,11
YOR064C,YNG1,,dma4482,12,12,12
YOR173W,DCS2,,dma4579,12,12,13
YOR062C,,,dma4483,12,12,14
YOR172W,YRM1,,dma4580,12,12,15
YOR061W,CKA2,,dma4484,12,12,16
YOR171C,LCB4,,dma4581,12,12,17
YOR059C,LPL1,,dma4485,12,12,18
YOR170W,,,dma4582,12,12,19
YOR058C,ASE1,,dma4486,12,12,20
YOR167C,RPS28A,,dma4583,12,12,21
YOR055W,,,dma4487,12,12,22
YOR166C,SWT1,,dma4584,12,12,23
YOR202W,HIS3,,dma1,12,12,24
YOR202W,HIS3,,dma1,12,13,1
YOL029C,,,dma4297,12,13,2
YOL128C,YGK3,,dma4394,12,13,3
YOL028C,YAP7,,dma4298,12,13,4
YOL126C,MDH2,,dma4395,12,13,5
YOL027C,MDM38,,dma4299,12,13,6
YOL124C,TRM11,,dma4396,12,13,7
YOL025W,LAG2,,dma4300,12,13,8
YOL122C,SMF1,,dma4397,12,13,9
YOL024W,,,dma4301,12,13,10
YOL121C,RPS19A,,dma4398,12,13,11
YOL020W,TAT2,,dma4302,12,13,12
YOL119C,MCH4,,dma4399,12,13,13
YOL019W,,,dma4303,12,13,14
YOL118C,,,dma4400,12,13,15
YOL018C,TLG2,,dma4304,12,13,16
YOL117W,RRI2,,dma4401,12,13,17
YOL017W,ESC8,,dma4305,12,13,18
YOL116W,MSN1,,dma4402,12,13,19
YOL016C,CMK2,,dma4306,12,13,20
YOL115W,PAP2,,dma4403,12,13,21
YOL015W,IRC10,,dma4307,12,13,22
YOL114C,PTH4,,dma4404,12,13,23
YOR202W,HIS3,,dma1,12,13,24
YOR202W,HIS3,,dma1,12,14,1
YOR084W,LPX1,,dma4489,12,14,2
YOR196C,LIP5,,dma4586,12,14,3
YOR083W,WHI5,,dma4490,12,14,4
YOR195W,SLK19,,dma4587,12,14,5
YOR082C,,,dma4491,12,14,6
YOR193W,PEX27,,dma4588,12,14,7
YOR081C,TGL5,,dma4492,12,14,8
YOR192C,THI72,,dma4589,12,14,9
YOR080W,DIA2,,dma4493,12,14,10
YOR191W,ULS1,,dma4590,12,14,11
YOR079C,ATX2,,dma4494,12,14,12
YOR190W,SPR1,,dma4591,12,14,13
YOR078W,BUD21,,dma4495,12,14,14
YOR189W,IES4,,dma4592,12,14,15
YOR076C,SKI7,,dma4496,12,14,16
YOR188W,MSB1,,dma4593,12,14,17
YOR072W,,,dma4497,12,14,18
YOR186W,,,dma4594,12,14,19
YOR071C,NRT1,,dma4498,12,14,20
YOR185C,GSP2,,dma4595,12,14,21
YOR070C,GYP1,,dma4499,12,14,22
YOR184W,SER1,,dma4596,12,14,23
YOR202W,HIS3,,dma1,12,14,24
YOR202W,HIS3,,dma1,12,15,1
YOL044W,PEX15,,dma4309,12,15,2
YOL152W,FRE7,,dma4406,12,15,3
YOL043C,NTG2,,dma4310,12,15,4
YOL151W,GRE2,,dma4407,12,15,5
YOL042W,NGL1,,dma4311,12,15,6
YOL150C,,,dma4408,12,15,7
YOL041C,NOP12,,dma4312,12,15,8
YOL147C,PEX11,,dma4409,12,15,9
YOL039W,RPP2A,,dma4313,12,15,10
YOL141W,PPM2,,dma4410,12,15,11
YOL037C,,,dma4314,12,15,12
YOL138C,RTC1,rtc1-supp1,dma4411,12,15,13
YOL036W,,,dma4315,12,15,14
YOL137W,BSC6,,dma4412,12,15,15
YOL035C,,,dma4316,12,15,16
YOL136C,PFK27,,dma4413,12,15,17
YOL032W,OPI10,,dma4317,12,15,18
YOL132W,GAS4,,dma4414,12,15,19
YOL031C,SIL1,,dma4318,12,15,20
YOL131W,,,dma4415,12,15,21
YOL030W,GAS5,,dma4319,12,15,22
YOL129W,VPS68,,dma4416,12,15,23
YOR202W,HIS3,,dma1,12,15,24
YOR202W,HIS3,,dma1,12,16,1
YOR202W,HIS3,,dma1,12,16,2
YOR202W,HIS3,,dma1,12,16,3
YOR202W,HIS3,,dma1,12,16,4
YOR202W,HIS3,,dma1,12,16,5
YOR202W,HIS3,,dma1,12,16,6
YOR202W,HIS3,,dma1,12,16,7
YOR202W,HIS3,,dma1,12,16,8
YOR202W,HIS3,,dma1,12,16,9
YOR202W,HIS3,,dma1,12,16,10
YOR202W,HIS3,,dma1,12,16,11
YOR202W,HIS3,,dma1,12,16,12
YOR202W,HIS3,,dma1,12,16,13
YOR202W,HIS3,,dma1,12,16,14
YOR202W,HIS3,,dma1,12,16,15
YOR202W,HIS3,,dma1,12,16,16
YOR202W,HIS3,,dma1,12,16,17
YOR202W,HIS3,,dma1,12,16,18
YOR202W,HIS3,,dma1,12,16,19
YOR202W,HIS3,,dma1,12,16,20
YOR202W,HIS3,,dma1,12,16,21
YOR202W,HIS3,,dma1,12,16,22
YOR202W,HIS3,,dma1,12,16,23
YOR202W,HIS3,,dma1,12,16,24
YOR202W,HIS3,,dma1,13,1,1
YOR202W,HIS3,,dma1,13,1,2
YOR202W,HIS3,,dma1,13,1,3
YOR202W,HIS3,,dma1,13,1,4
YOR202W,HIS3,,dma1,13,1,5
YOR202W,HIS3,,dma1,13,1,6
YOR202W,HIS3,,dma1,13,1,7
YOR202W,HIS3,,dma1,13,1,8
YOR202W,HIS3,,dma1,13,1,9
YOR202W,HIS3,,dma1,13,1,10
YOR202W,HIS3,,dma1,13,1,11
YOR202W,HIS3,,dma1,13,1,12
YOR202W,HIS3,,dma1,13,1,13
YOR202W,HIS3,,dma1,13,1,14
YOR202W,HIS3,,dma1,13,1,15
YOR202W,HIS3,,dma1,13,1,16
YOR202W,HIS3,,dma1,13,1,17
YOR202W,HIS3,,dma1,13,1,18
YOR202W,HIS3,,dma1,13,1,19
YOR202W,HIS3,,dma1,13,1,20
YOR202W,HIS3,,dma1,13,1,21
YOR202W,HIS3,,dma1,13,1,22
YOR202W,HIS3,,dma1,13,1,23
YOR202W,HIS3,,dma1,13,1,24
YOR202W,HIS3,,dma1,13,2,1
YPL060W,MFM1,,dma4801,13,2,2
YPL170W,DAP1,,dma4898,13,2,3
YPL058C,PDR12,,dma4802,13,2,4
YPL168W,MRX4,,dma4899,13,2,5
YPL057C,SUR1,,dma4803,13,2,6
YPL167C,REV3,,dma4900,13,2,7
YPL056C,LCL1,,dma4804,13,2,8
YPL166W,ATG29,,dma4901,13,2,9
YPL055C,LGE1,,dma4805,13,2,10
YPL165C,SET6,,dma4902,13,2,11
YPL054W,LEE1,,dma4806,13,2,12
YPL164C,MLH3,,dma4903,13,2,13
YPL053C,KTR6,,dma4807,13,2,14
YPL163C,SVS1,,dma4904,13,2,15
YPL052W,OAZ1,,dma4808,13,2,16
YPL162C,,,dma4905,13,2,17
YPL051W,ARL3,,dma4809,13,2,18
YPL161C,BEM4,,dma4906,13,2,19
YPL048W,CAM1,,dma4810,13,2,20
YPL159C,PET20,,dma4907,13,2,21
YPL047W,SGF11,,dma4811,13,2,22
YPL157W,TGS1,,dma4908,13,2,23
YOR202W,HIS3,,dma1,13,2,24
YOR202W,HIS3,,dma1,13,3,1
YOR221C,MCT1,,dma4621,13,3,2
YOR327C,SNC2,,dma4718,13,3,3
YOR219C,STE13,,dma4622,13,3,4
YOR324C,FRT1,,dma4719,13,3,5
YOR216C,RUD3,,dma4623,13,3,6
YOR322C,LDB19,,dma4720,13,3,7
YOR215C,AIM41,,dma4624,13,3,8
YOR321W,PMT3,,dma4721,13,3,9
YOR214C,SPR2,,dma4625,13,3,10
YOR320C,GNT1,,dma4722,13,3,11
YOR213C,SAS5,,dma4626,13,3,12
YOR318C,,,dma4723,13,3,13
YOR212W,STE4,,dma4627,13,3,14
YOR317W,FAA1,,dma4724,13,3,15
YOR209C,NPT1,,dma4628,13,3,16
YOR316C,COT1,,dma4725,13,3,17
YOR208W,PTP2,,dma4629,13,3,18
YOR315W,SFG1,,dma4726,13,3,19
YOR202W,HIS3,,dma1,13,3,20
YOR314W,,,dma4727,13,3,21
YOR197W,MCA1,,dma4631,13,3,22
YOR313C,SPS4,,dma4728,13,3,23
YOR202W,HIS3,,dma1,13,3,24
YOR202W,HIS3,,dma1,13,4,1
YPL074W,YTA6,,dma4813,13,4,2
YPL183C,RTT10,,dma4910,13,4,3
YPL073C,,,dma4814,13,4,4
YPL182C,,,dma4911,13,4,5
YPL071C,,,dma4815,13,4,6
YPL181W,CTI6,,dma4912,13,4,7
YPL070W,MUK1,,dma4816,13,4,8
YPL180W,TCO89,,dma4913,13,4,9
YPL069C,BTS1,,dma4817,13,4,10
YPL179W,PPQ1,,dma4914,13,4,11
YPL068C,,,dma4818,13,4,12
YPL178W,CBC2,,dma4915,13,4,13
YPL067C,,,dma4819,13,4,14
YPL177C,CUP9,,dma4916,13,4,15
YPL066W,RGL1,,dma4820,13,4,16
YPL176C,TRE1,,dma4917,13,4,17
YPL064C,CWC27,,dma4821,13,4,18
YPL174C,NIP100,,dma4918,13,4,19
YPL062W,,,dma4822,13,4,20
YPL172C,COX10,,dma4919,13,4,21
YPL061W,ALD6,,dma4823,13,4,22
YPL171C,OYE3,,dma4920,13,4,23
YOR202W,HIS3,,dma1,13,4,24
YOR202W,HIS3,,dma1,13,5,1
YOR234C,RPL33B,,dma4633,13,5,2
YOR348C,PUT4,,dma4730,13,5,3
YOR233W,KIN4,,dma4634,13,5,4
YOR347C,PYK2,,dma4731,13,5,5
YOR231W,MKK1,,dma4635,13,5,6
YOR346W,REV1,,dma4732,13,5,7
YOR230W,WTM1,,dma4636,13,5,8
YOR344C,TYE7,,dma4733,13,5,9
YOR229W,WTM2,,dma4637,13,5,10
YOR343C,,,dma4734,13,5,11
YOR228C,MCP1,,dma4638,13,5,12
YOR342C,,,dma4735,13,5,13
YOR227W,HER1,,dma4639,13,5,14
YOR339C,UBC11,,dma4736,13,5,15
YOR226C,ISU2,,dma4640,13,5,16
YOR338W,,,dma4737,13,5,17
YOR225W,,,dma4641,13,5,18
YOR337W,TEA1,,dma4738,13,5,19
YOR223W,DSC3,,dma4642,13,5,20
YOR334W,MRS2,,dma4739,13,5,21
YOR222W,ODC2,,dma4643,13,5,22
YOR328W,PDR10,,dma4740,13,5,23
YOR202W,HIS3,,dma1,13,5,24
YOR202W,HIS3,,dma1,13,6,1
YPL095C,EEB1,,dma4825,13,6,2
YPL196W,OXR1,,dma4922,13,6,3
YPL092W,SSU1,,dma4826,13,6,4
YPL195W,APL5,,dma4923,13,6,5
YPL091W,GLR1,,dma4827,13,6,6
YPL194W,DDC1,,dma4924,13,6,7
YPL090C,RPS6A,,dma4828,13,6,8
YPL192C,PRM3,,dma4925,13,6,9
YPL089C,RLM1,,dma4829,13,6,10
YPL191C,,,dma4926,13,6,11
YPL088W,,,dma4830,13,6,12
YPL189W,GUP2,,dma4927,13,6,13
YPL087W,YDC1,,dma4831,13,6,14
YPL187W,MF(ALPHA)1,,dma4928,13,6,15
YPL086C,ELP3,,dma4832,13,6,16
YPL186C,UIP4,,dma4929,13,6,17
YPL081W,RPS9A,,dma4833,13,6,18
YPL185W,,,dma4930,13,6,19
YPL080C,,,dma4834,13,6,20
YPL184C,MRN1,,dma4931,13,6,21
YPL079W,RPL21B,,dma4835,13,6,22
YPL183W-A,RTC6,,dma4932,13,6,23
YOR202W,HIS3,,dma1,13,6,24
YOR202W,HIS3,,dma1,13,7,1
YOR252W,TMA16,,dma4645,13,7,2
YOR360C,PDE2,,dma4742,13,7,3
YOR251C,TUM1,,dma4646,13,7,4
YOR359W,VTS1,,dma4743,13,7,5
YOR247W,SRL1,,dma4647,13,7,6
YOR358W,HAP5,,dma4744,13,7,7
YOR246C,ENV9,,dma4648,13,7,8
YOR357C,SNX3,,dma4745,13,7,9
YOR245C,DGA1,,dma4649,13,7,10
YOR356W,CIR2,,dma4746,13,7,11
YOR243C,PUS7,,dma4650,13,7,12
YOR355W,GDS1,,dma4747,13,7,13
YOR242C,SSP2,,dma4651,13,7,14
YOR354C,MSC6,,dma4748,13,7,15
YOR239W,ABP140,,dma4652,13,7,16
YOR352W,TFB6,,dma4749,13,7,17
YOR238W,,,dma4653,13,7,18
YOR351C,MEK1,,dma4750,13,7,19
YOR237W,HES1,,dma4654,13,7,20
YOR350C,MNE1,,dma4751,13,7,21
YOR235W,IRC13,,dma4655,13,7,22
YOR349W,CIN1,,dma4752,13,7,23
YOR202W,HIS3,,dma1,13,7,24
YOR202W,HIS3,,dma1,13,8,1
YPL108W,,,dma4837,13,8,2
YPL208W,RKM1,,dma4934,13,8,3
YPL107W,,,dma4838,13,8,4
YPL207W,TYW1,,dma4935,13,8,5
YPL106C,SSE1,,dma4839,13,8,6
YPL206C,PGC1,,dma4936,13,8,7
YPL105C,SYH1,,dma4840,13,8,8
YPL205C,,,dma4937,13,8,9
YPL103C,FMP30,,dma4841,13,8,10
YPL203W,TPK2,,dma4938,13,8,11
YPL102C,,,dma4842,13,8,12
YPL202C,AFT2,,dma4939,13,8,13
YPL101W,ELP4,,dma4843,13,8,14
YPL201C,YIG1,,dma4940,13,8,15
YPL100W,ATG21,,dma4844,13,8,16
YPL200W,CSM4,,dma4941,13,8,17
YPL099C,INA17,,dma4845,13,8,18
YPL199C,,,dma4942,13,8,19
YPL098C,MGR2,,dma4846,13,8,20
YPL198W,RPL7B,,dma4943,13,8,21
YPL096W,PNG1,,dma4847,13,8,22
YPL197C,,,dma4944,13,8,23
YOR202W,HIS3,,dma1,13,8,24
YOR202W,HIS3,,dma1,13,9,1
YOR271C,FSF1,,dma4657,13,9,2
YOR378W,AMF1,,dma4754,13,9,3
YOR270C,VPH1,vph1-supp1,dma4658,13,9,4
YOR377W,ATF1,,dma4755,13,9,5
YOR269W,PAC1,,dma4659,13,9,6
YOR376W,,,dma4756,13,9,7
YOR268C,,,dma4660,13,9,8
YOR375C,GDH1,,dma4757,13,9,9
YOR267C,HRK1,,dma4661,13,9,10
YOR374W,ALD4,,dma4758,13,9,11
YOR266W,PNT1,,dma4662,13,9,12
YOR371C,GPB1,,dma4759,13,9,13
YOR265W,RBL2,,dma4663,13,9,14
YOR368W,RAD17,,dma4760,13,9,15
YOR264W,DSE3,,dma4664,13,9,16
YOR367W,SCP1,,dma4761,13,9,17
YOR263C,,,dma4665,13,9,18
YOR365C,,,dma4762,13,9,19
YOR255W,OSW1,,dma4666,13,9,20
YOR364W,,,dma4763,13,9,21
YOR253W,NAT5,,dma4667,13,9,22
YOR363C,PIP2,,dma4764,13,9,23
YOR202W,HIS3,,dma1,13,9,24
YOR202W,HIS3,,dma1,13,10,1
YPL121C,MEI5,,dma4849,13,10,2
YPL225W,,,dma4946,13,10,3
YPL120W,VPS30,,dma4850,13,10,4
YPL224C,MMT2,,dma4947,13,10,5
YPL119C,DBP1,,dma4851,13,10,6
YPL223C,GRE1,,dma4948,13,10,7
YPL116W,HOS3,,dma4852,13,10,8
YPL222W,FMP40,,dma4949,13,10,9
YPL115C,BEM3,,dma4853,13,10,10
YPL221W,FLC1,,dma4950,13,10,11
YPL114W,,,dma4854,13,10,12
YPL220W,RPL1A,,dma4951,13,10,13
YPL113C,,,dma4855,13,10,14
YPL219W,PCL8,,dma4952,13,10,15
YPL112C,PEX25,,dma4856,13,10,16
YPL216W,,,dma4953,13,10,17
YPL111W,CAR1,,dma4857,13,10,18
YPL214C,THI6,,dma4954,13,10,19
YPL110C,GDE1,,dma4858,13,10,20
YPL213W,LEA1,,dma4955,13,10,21
YPL109C,,,dma4859,13,10,22
YPL212C,PUS1,,dma4956,13,10,23
YOR202W,HIS3,,dma1,13,10,24
YOR202W,HIS3,,dma1,13,11,1
YOR286W,RDL2,,dma4669,13,11,2
YPL008W,CHL1,,dma4766,13,11,3
YOR285W,RDL1,,dma4670,13,11,4
YPL004C,LSP1,,dma4767,13,11,5
YOR284W,HUA2,,dma4671,13,11,6
YPL003W,ULA1,,dma4768,13,11,7
YOR283W,,,dma4672,13,11,8
YPL001W,HAT1,,dma4769,13,11,9
YOR280C,FSH3,,dma4673,13,11,10
YOR386W,PHR1,,dma4770,13,11,11
YOR279C,RFM1,,dma4674,13,11,12
YOR385W,,,dma4771,13,11,13
YOR277C,,,dma4675,13,11,14
YOR384W,FRE5,,dma4772,13,11,15
YOR276W,CAF20,,dma4676,13,11,16
YOR383C,FIT3,,dma4773,13,11,17
YOR275C,RIM20,,dma4677,13,11,18
YOR382W,FIT2,,dma4774,13,11,19
YOR274W,MOD5,,dma4678,13,11,20
YOR381W,FRE3,,dma4775,13,11,21
YOR273C,TPO4,,dma4679,13,11,22
YOR380W,RDR1,,dma4776,13,11,23
YOR202W,HIS3,,dma1,13,11,24
YOR202W,HIS3,,dma1,13,12,1
YPL139C,UME1,,dma4861,13,12,2
YPL245W,,,dma4958,13,12,3
YPL138C,SPP1,,dma4862,13,12,4
YPL244C,HUT1,,dma4959,13,12,5
YPL137C,GIP3,,dma4863,13,12,6
YPL241C,CIN2,,dma4960,13,12,7
YPL136W,,,dma4864,13,12,8
YPL240C,HSP82,,dma4961,13,12,9
YPL135W,ISU1,,dma4865,13,12,10
YPL239W,YAR1,,dma4962,13,12,11
YPL134C,ODC1,,dma4866,13,12,12
YPL236C,ENV7,,dma4963,13,12,13
YPL133C,RDS2,,dma4867,13,12,14
YPL232W,SSO1,,dma4964,13,12,15
YPL130W,SPO19,,dma4868,13,12,16
YPL230W,USV1,,dma4965,13,12,17
YPL127C,HHO1,,dma4869,13,12,18
YPL229W,,,dma4966,13,12,19
YPL125W,KAP120,kap120-supp1,dma4870,13,12,20
YPL227C,ALG5,,dma4967,13,12,21
YPL123C,RNY1,,dma4871,13,12,22
YPL226W,NEW1,,dma4968,13,12,23
YOR202W,HIS3,,dma1,13,12,24
YOR202W,HIS3,,dma1,13,13,1
YOR300W,,,dma4681,13,13,2
YPL026C,SKS1,,dma4778,13,13,3
YOR299W,BUD7,,dma4682,13,13,4
YPL025C,,,dma4779,13,13,5
YOR298W,MUM3,,dma4683,13,13,6
YPL024W,RMI1,rmi1-supp1,dma4780,13,13,7
YOR298C-A,MBF1,,dma4684,13,13,8
YPL023C,MET12,,dma4781,13,13,9
YOR297C,TIM18,,dma4685,13,13,10
YPL022W,RAD1,,dma4782,13,13,11
YOR296W,,,dma4686,13,13,12
YPL021W,ECM23,,dma4783,13,13,13
YOR293W,RPS10A,,dma4687,13,13,14
YPL019C,VTC3,,dma4784,13,13,15
YOR292C,,,dma4688,13,13,16
YPL018W,CTF19,,dma4785,13,13,17
YOR291W,YPK9,,dma4689,13,13,18
YPL017C,IRC15,,dma4786,13,13,19
YOR289W,,,dma4690,13,13,20
YPL014W,,,dma4787,13,13,21
YOR288C,MPD1,,dma4691,13,13,22
YPL009C,RQC2,,dma4788,13,13,23
YOR202W,HIS3,,dma1,13,13,24
YOR202W,HIS3,,dma1,13,14,1
YPL156C,PRM4,,dma4873,13,14,2
YPL260W,,,dma4970,13,14,3
YPL155C,KIP2,,dma4874,13,14,4
YPL259C,APM1,,dma4971,13,14,5
YPL154C,PEP4,,dma4875,13,14,6
YPL258C,THI21,,dma4972,13,14,7
YPL152W,RRD2,,dma4876,13,14,8
YPL257W,,,dma4973,13,14,9
YPL150W,,,dma4877,13,14,10
YPL256C,CLN2,,dma4974,13,14,11
YPL149W,ATG5,,dma4878,13,14,12
YPL253C,VIK1,,dma4975,13,14,13
YPL147W,PXA1,,dma4879,13,14,14
YPL250C,ATG41,,dma4976,13,14,15
YPL145C,KES1,,dma4880,13,14,16
YPL249C,GYP5,,dma4977,13,14,17
YPL144W,POC4,,dma4881,13,14,18
YPL248C,GAL4,,dma4978,13,14,19
YPL141C,FRK1,,dma4882,13,14,20
YPL247C,,,dma4979,13,14,21
YPL140C,MKK2,,dma4883,13,14,22
YPL246C,RBD2,,dma4980,13,14,23
YOR202W,HIS3,,dma1,13,14,24
YOR202W,HIS3,,dma1,13,15,1
YOR312C,RPL20B,,dma4693,13,15,2
YPL046C,ELC1,,dma4790,13,15,3
YOR311C,DGK1,,dma4694,13,15,4
YPL041C,MRX11,,dma4791,13,15,5
YOR309C,,,dma4695,13,15,6
YPL039W,,,dma4792,13,15,7
YOR308C,SNU66,,dma4696,13,15,8
YPL038W,MET31,,dma4793,13,15,9
YOR307C,SLY41,,dma4697,13,15,10
YPL037C,EGD1,,dma4794,13,15,11
YOR306C,MCH5,,dma4698,13,15,12
YPL036W,PMA2,,dma4795,13,15,13
YOR303W,CPA1,,dma4699,13,15,14
YPL034W,,,dma4796,13,15,15
YOR304W,ISW2,,dma4700,13,15,16
YPL033C,SRL4,,dma4797,13,15,17
YOR304C-A,BIL1,,dma4701,13,15,18
YPL032C,SVL3,,dma4798,13,15,19
YOR302W,,,dma4702,13,15,20
YPL030W,TRM44,,dma4799,13,15,21
YOR301W,RAX1,,dma4703,13,15,22
YPL027W,SMA1,,dma4800,13,15,23
YOR202W,HIS3,,dma1,13,15,24
YOR202W,HIS3,,dma1,13,16,1
YOR202W,HIS3,,dma1,13,16,2
YOR202W,HIS3,,dma1,13,16,3
YOR202W,HIS3,,dma1,13,16,4
YOR202W,HIS3,,dma1,13,16,5
YOR202W,HIS3,,dma1,13,16,6
YOR202W,HIS3,,dma1,13,16,7
YOR202W,HIS3,,dma1,13,16,8
YOR202W,HIS3,,dma1,13,16,9
YOR202W,HIS3,,dma1,13,16,10
YOR202W,HIS3,,dma1,13,16,11
YOR202W,HIS3,,dma1,13,16,12
YOR202W,HIS3,,dma1,13,16,13
YOR202W,HIS3,,dma1,13,16,14
YOR202W,HIS3,,dma1,13,16,15
YOR202W,HIS3,,dma1,13,16,16
YOR202W,HIS3,,dma1,13,16,17
YOR202W,HIS3,,dma1,13,16,18
YOR202W,HIS3,,dma1,13,16,19
YOR202W,HIS3,,dma1,13,16,20
YOR202W,HIS3,,dma1,13,16,21
YOR202W,HIS3,,dma1,13,16,22
YOR202W,HIS3,,dma1,13,16,23
YOR202W,HIS3,,dma1,13,16,24
YOR202W,HIS3,,dma1,14,1,1
YOR202W,HIS3,,dma1,14,1,2
YOR202W,HIS3,,dma1,14,1,3
YOR202W,HIS3,,dma1,14,1,4
YOR202W,HIS3,,dma1,14,1,5
YOR202W,HIS3,,dma1,14,1,6
YOR202W,HIS3,,dma1,14,1,7
YOR202W,HIS3,,dma1,14,1,8
YOR202W,HIS3,,dma1,14,1,9
YOR202W,HIS3,,dma1,14,1,10
YOR202W,HIS3,,dma1,14,1,11
YOR202W,HIS3,,dma1,14,1,12
YOR202W,HIS3,,dma1,14,1,13
YOR202W,HIS3,,dma1,14,1,14
YOR202W,HIS3,,dma1,14,1,15
YOR202W,HIS3,,dma1,14,1,16
YOR202W,HIS3,,dma1,14,1,17
YOR202W,HIS3,,dma1,14,1,18
YOR202W,HIS3,,dma1,14,1,19
YOR202W,HIS3,,dma1,14,1,20
YOR202W,HIS3,,dma1,14,1,21
YOR202W,HIS3,,dma1,14,1,22
YOR202W,HIS3,,dma1,14,1,23
YOR202W,HIS3,,dma1,14,1,24
YOR202W,HIS3,,dma1,14,2,1
YGL049C,TIF4632,,dma5185,14,2,2
YFL013C,IES1,,dma5282,14,2,3
YGL042C,,,dma5186,14,2,4
YFL012W,,,dma5283,14,2,5
YBR078W,ECM33,,dma5187,14,2,6
YFL010W-A,AUA1,,dma5284,14,2,7
YJL177W,RPL17B,,dma5188,14,2,8
YFL010C,WWM1,,dma5285,14,2,9
YGR122W,,,dma5189,14,2,10
YFL007W,BLM10,,dma5286,14,2,11
YGR068C,ART5,,dma5190,14,2,12
YFL004W,VTC2,,dma5287,14,2,13
YGR067C,,,dma5191,14,2,14
YFL003C,MSH4,,dma5288,14,2,15
YGR061C,ADE6,,dma5192,14,2,16
YFL001W,DEG1,,dma5289,14,2,17
YGR055W,MUP1,,dma5193,14,2,18
YGR255C,COQ6,,dma5290,14,2,19
YGL071W,AFT1,,dma5194,14,2,20
YGR254W,ENO1,,dma5291,14,2,21
YGL063W,PUS2,,dma5195,14,2,22
YGR122C-A,,,dma5292,14,2,23
YOR202W,HIS3,,dma1,14,2,24
YOR202W,HIS3,,dma1,14,3,1
YPL274W,SAM3,,dma5005,14,3,2
YPR120C,CLB5,,dma5102,14,3,3
YPL273W,SAM4,,dma5006,14,3,4
YPR119W,CLB2,,dma5103,14,3,5
YPL272C,PBI1,,dma5007,14,3,6
YPR117W,,,dma5104,14,3,7
YPL270W,MDL2,,dma5008,14,3,8
YPR115W,RGC1,,dma5105,14,3,9
YPL269W,KAR9,,dma5009,14,3,10
YPR114W,,,dma5106,14,3,11
YPL267W,ACM1,,dma5010,14,3,12
YPR111W,DBF20,,dma5107,14,3,13
YPL265W,DIP5,,dma5011,14,3,14
YPR109W,,,dma5108,14,3,15
YPL264C,,,dma5012,14,3,16
YPR106W,ISR1,,dma5109,14,3,17
YPL263C,KEL3,,dma5013,14,3,18
YPR098C,,,dma5110,14,3,19
YPL262W,FUM1,,dma5014,14,3,20
YPR097W,,,dma5111,14,3,21
YPL261C,,,dma5015,14,3,22
YPR096C,,,dma5112,14,3,23
YOR202W,HIS3,,dma1,14,3,24
YOR202W,HIS3,,dma1,14,4,1
YOR155C,ISN1,,dma5197,14,4,2
YGL096W,TOS8,,dma5294,14,4,3
YOR054C,VHS3,,dma5198,14,4,4
YGL094C,PAN2,,dma5295,14,4,5
YNL180C,RHO5,,dma5199,14,4,6
YGL037C,PNC1,,dma5296,14,4,7
YNL042W,BOP3,,dma5200,14,4,8
YGL029W,CGR1,cgr1-supp1,dma5297,14,4,9
YKL087C,CYT2,,dma5201,14,4,10
YGR292W,MAL12,,dma5298,14,4,11
YIL125W,KGD1,,dma5202,14,4,12
YGR291C,,,dma5299,14,4,13
YAL048C,GEM1,,dma5203,14,4,14
YGR289C,MAL11,,dma5300,14,4,15
YOR248W,,,dma5204,14,4,16
YGR276C,RNH70,,dma5301,14,4,17
YOR220W,RCN2,,dma5205,14,4,18
YGR273C,,,dma5302,14,4,19
YOR180C,DCI1,,dma5206,14,4,20
YGR272C,,,dma5303,14,4,21
YOR179C,SYC1,,dma5207,14,4,22
YGR271W,SLH1,,dma5304,14,4,23
YOR202W,HIS3,,dma1,14,4,24
YOR202W,HIS3,,dma1,14,5,1
YPR013C,CMR3,,dma5017,14,5,2
YPR134W,MSS18,,dma5114,14,5,3
YPR012W,,,dma5018,14,5,4
YPR132W,RPS23B,rps23b-supp1,dma5115,14,5,5
YPR009W,SUT2,,dma5019,14,5,6
YPR130C,,,dma5116,14,5,7
YPR008W,HAA1,,dma5020,14,5,8
YPR129W,SCD6,,dma5117,14,5,9
YPR007C,REC8,,dma5021,14,5,10
YPR128C,ANT1,,dma5118,14,5,11
YPR006C,ICL2,,dma5022,14,5,12
YPR127W,,,dma5119,14,5,13
YPR005C,HAL1,,dma5023,14,5,14
YPR126C,,,dma5120,14,5,15
YPR004C,AIM45,,dma5024,14,5,16
YPR125W,YLH47,,dma5121,14,5,17
YPR003C,,,dma5025,14,5,18
YPR123C,,ypr123c-supp1,dma5122,14,5,19
YPR002W,PDH1,,dma5026,14,5,20
YPR122W,AXL1,,dma5123,14,5,21
YPR001W,CIT3,,dma5027,14,5,22
YPR121W,THI22,,dma5124,14,5,23
YOR202W,HIS3,,dma1,14,5,24
YOR202W,HIS3,,dma1,14,6,1
YOR158W,PET123,,dma5209,14,6,2
YIR004W,DJP1,,dma5306,14,6,3
YDR033W,MRH1,,dma5210,14,6,4
YIL158W,AIM20,,dma5307,14,6,5
YDR032C,PST2,,dma5211,14,6,6
YIL151C,ESL1,,dma5308,14,6,7
YDR031W,MIX14,,dma5212,14,6,8
YIL136W,OM45,,dma5309,14,6,9
YDR030C,RAD28,,dma5213,14,6,10
YIL131C,FKH1,,dma5310,14,6,11
YDR029W,,,dma5214,14,6,12
YIL122W,POG1,,dma5311,14,6,13
YDR026C,NSI1,,dma5215,14,6,14
YIL111W,COX5B,,dma5312,14,6,15
YAL046C,AIM1,,dma5216,14,6,16
YIL102C,,,dma5313,14,6,17
YLR227C,ADY4,,dma5217,14,6,18
YIL094C,LYS12,,dma5314,14,6,19
YKR104W,,,dma5218,14,6,20
YIL085C,KTR7,,dma5315,14,6,21
YDR046C,BAP3,,dma5219,14,6,22
YMR074C,SDD2,,dma5316,14,6,23
YOR202W,HIS3,,dma1,14,6,24
YOR202W,HIS3,,dma1,14,7,1
YPR028W,YOP1,,dma5029,14,7,2
YPR152C,URN1,,dma5126,14,7,3
YPR027C,,,dma5030,14,7,4
YPR150W,,,dma5127,14,7,5
YPR026W,ATH1,,dma5031,14,7,6
YPR149W,NCE102,,dma5128,14,7,7
YPR024W,YME1,,dma5032,14,7,8
YPR148C,,,dma5129,14,7,9
YPR023C,EAF3,,dma5033,14,7,10
YPR147C,,,dma5130,14,7,11
YPR022C,SDD4,,dma5034,14,7,12
YPR146C,,,dma5131,14,7,13
YPR020W,ATP20,,dma5035,14,7,14
YPR145W,ASN1,,dma5132,14,7,15
YPR018W,RLF2,,dma5036,14,7,16
YPR141C,KAR3,,dma5133,14,7,17
YPR017C,DSS4,,dma5037,14,7,18
YPR140W,TAZ1,,dma5134,14,7,19
YPR015C,,,dma5038,14,7,20
YPR138C,MEP3,,dma5135,14,7,21
YPR014C,,,dma5039,14,7,22
YPR135W,CTF4,,dma5136,14,7,23
YOR202W,HIS3,,dma1,14,7,24
YOR202W,HIS3,,dma1,14,8,1
YDR043C,NRG1,,dma5221,14,8,2
YLR455W,PDP3,,dma3515,14,8,3
YDR042C,,,dma5222,14,8,4
YJR066W,TOR1,,dma5319,14,8,5
YDR036C,EHD3,,dma5223,14,8,6
YJR044C,VPS55,,dma5320,14,8,7
YDR035W,ARO3,,dma5224,14,8,8
YJR039W,,,dma5321,14,8,9
YDR034C,LYS14,,dma5225,14,8,10
YJL103C,GSM1,,dma5322,14,8,11
YPR039W,,,dma5226,14,8,12
YJL029C,VPS53,vps53-supp1,dma5323,14,8,13
YPL072W,UBP16,,dma5227,14,8,14
YNL086W,SNN1,,dma5324,14,8,15
YPL035C,,,dma5228,14,8,16
YNL053W,MSG5,,dma5325,14,8,17
YPL015C,HST2,,dma5229,14,8,18
YNL047C,SLM2,,dma5326,14,8,19
YOR240W,,,dma5230,14,8,20
YNL014W,HEF3,,dma5327,14,8,21
YMR194C-A,,,dma5231,14,8,22
YNL011C,,,dma5328,14,8,23
YOR202W,HIS3,,dma1,14,8,24
YOR202W,HIS3,,dma1,14,9,1
YPR045C,THP3,,dma5041,14,9,2
YPR171W,BSP1,,dma5138,14,9,3
YPR044C,OPI11,,dma5042,14,9,4
YPR170C,,,dma5139,14,9,5
YPR043W,RPL43A,,dma5043,14,9,6
YPR167C,MET16,,dma5140,14,9,7
YPR042C,PUF2,,dma5044,14,9,8
YPR164W,MMS1,,dma5141,14,9,9
YPR040W,TIP41,,dma5045,14,9,10
YPR160W,GPH1,,dma5142,14,9,11
YPR038W,IRC16,,dma5046,14,9,12
YPR158W,CUR1,,dma5143,14,9,13
YPR037C,ERV2,,dma5047,14,9,14
YPR157W,TDA6,,dma5144,14,9,15
YPR032W,SRO7,,dma5048,14,9,16
YPR156C,TPO3,,dma5145,14,9,17
YPR031W,NTO1,,dma5049,14,9,18
YPR155C,NCA2,,dma5146,14,9,19
YPR030W,CSR2,,dma5050,14,9,20
YPR154W,PIN3,,dma5147,14,9,21
YPR029C,APL4,,dma5051,14,9,22
YPR153W,24-May,,dma5148,14,9,23
YOR202W,HIS3,,dma1,14,9,24
YOR202W,HIS3,,dma1,14,10,1
YML129C,COX14,,dma5233,14,10,2
YMR165C,PAH1,,dma5330,14,10,3
YML112W,CTK3,,dma5234,14,10,4
YMR119W,ASI1,,dma3697,14,10,5
YML111W,BUL2,,dma5235,14,10,6
YMR118C,SHH3,,dma5332,14,10,7
YLR238W,FAR10,,dma5236,14,10,8
YOR125C,CAT5,,dma5333,14,10,9
YBR095C,RXT2,,dma259,14,10,10
YOL153C,,,dma5334,14,10,11
YBR086C,IST2,,dma5238,14,10,12
YOL073C,DSC2,,dma5335,14,10,13
YBR085W,AAC3,,dma5239,14,10,14
YNR044W,AGA1,,dma5336,14,10,15
YBR082C,UBC4,,dma245,14,10,16
YNR033W,ABZ1,,dma5337,14,10,17
YBR075W,,,dma248,14,10,18
YNL284C,MRPL10,,dma5338,14,10,19
YBR061C,TRM7,,dma238,14,10,20
YNL147W,LSM7,,dma5339,14,10,21
YBR020W,GAL1,,dma201,14,10,22
YNL111C,CYB5,,dma5340,14,10,23
YOR202W,HIS3,,dma1,14,10,24
YOR202W,HIS3,,dma1,14,11,1
YPR061C,JID1,,dma5053,14,11,2
YPR193C,HPA2,,dma5150,14,11,3
YPR060C,ARO7,,dma5054,14,11,4
YPR192W,AQY1,,dma5151,14,11,5
YPR059C,,,dma5055,14,11,6
YPR191W,QCR2,,dma5152,14,11,7
YPR058W,YMC1,,dma5056,14,11,8
YPR189W,SKI3,,dma5153,14,11,9
YPR057W,BRR1,,dma5057,14,11,10
YPR188C,MLC2,,dma5154,14,11,11
YPR054W,SMK1,,dma5058,14,11,12
YPR185W,ATG13,,dma5155,14,11,13
YPR053C,,,dma5059,14,11,14
YPR184W,GDB1,,dma5156,14,11,15
YPR052C,NHP6A,,dma5060,14,11,16
YPR179C,HDA3,,dma5157,14,11,17
YPR051W,MAK3,,dma5061,14,11,18
YPR174C,,,dma5158,14,11,19
YPR050C,,,dma5062,14,11,20
YPR173C,VPS4,,dma5159,14,11,21
YPR046W,MCM16,,dma5063,14,11,22
YPR172W,,,dma5160,14,11,23
YOR202W,HIS3,,dma1,14,11,24
YOR202W,HIS3,,dma1,14,12,1
YBL103C,RTG3,,dma174,14,12,2
YNL109W,,,dma5342,14,12,3
YAL024C,LTE1,lte1-supp1,dma5246,14,12,4
YNL096C,RPS7B,,dma5343,14,12,5
YDR271C,,,dma5247,14,12,6
YOR379C,,,dma5344,14,12,7
YDR269C,,,dma5248,14,12,8
YOR366W,,,dma5345,14,12,9
YDR242W,AMD2,,dma5249,14,12,10
YOR345C,,,dma5346,14,12,11
YDL074C,BRE1,,dma651,14,12,12
YOR333C,,,dma5347,14,12,13
YCR107W,AAD3,,dma5251,14,12,14
YOR325W,,,dma5348,14,12,15
YBR299W,MAL32,,dma5252,14,12,16
YOR309C,,,dma4695,14,12,17
YBR165W,UBS1,,dma317,14,12,18
YOR306C,MCH5,,dma4698,14,12,19
YBR118W,TEF2,,dma5254,14,12,20
YOR300W,,,dma4681,14,12,21
YBR115C,LYS2,,dma268,14,12,22
YOR128C,ADE2,,dma5352,14,12,23
YOR202W,HIS3,,dma1,14,12,24
YOR202W,HIS3,,dma1,14,13,1
YPR074C,TKL1,,dma5065,14,13,2
YJL082W,IML2,,dma5162,14,13,3
YPR073C,LTP1,,dma5066,14,13,4
YJL079C,PRY1,,dma5163,14,13,5
YPR071W,,,dma5067,14,13,6
YHR008C,SOD2,,dma5164,14,13,7
YPR070W,MED1,,dma5068,14,13,8
YPR201W,ARR3,,dma5165,14,13,9
YPR069C,SPE3,,dma5069,14,13,10
YPR200C,ARR2,,dma5166,14,13,11
YPR068C,HOS1,,dma5070,14,13,12
YPR199C,ARR1,,dma5167,14,13,13
YPR066W,UBA3,,dma5071,14,13,14
YPR198W,SGE1,,dma5168,14,13,15
YPR065W,ROX1,,dma5072,14,13,16
YPR197C,,,dma5169,14,13,17
YPR064W,,,dma5073,14,13,18
YPR196W,,,dma5170,14,13,19
YPR063C,,,dma5074,14,13,20
YPR195C,,,dma5171,14,13,21
YPR062W,FCY1,,dma5075,14,13,22
YPR194C,OPT2,,dma5172,14,13,23
YOR202W,HIS3,,dma1,14,13,24
YOR202W,HIS3,,dma1,14,14,1
YER089C,PTC2,,dma5257,14,14,2
YPR151C,SUE1,,dma5354,14,14,3
YDR515W,SLF1,,dma5258,14,14,4
YPR118W,MRI1,,dma5355,14,14,5
YDR502C,SAM2,,dma5259,14,14,6
YPR091C,NVJ2,,dma5356,14,14,7
YDR493W,MZM1,,dma5260,14,14,8
YPR083W,MDM36,,dma5357,14,14,9
YDR483W,KRE2,,dma1209,14,14,10
YPR021C,AGC1,,dma5358,14,14,11
YDR477W,SNF1,snf1-supp1,dma5262,14,14,12
YPR011C,,,dma5359,14,14,13
YDR444W,,,dma5263,14,14,14
YPL158C,AIM44,,dma5360,14,14,15
YDR326C,YSP2,,dma5264,14,14,16
YML050W,AIM32,,dma5361,14,14,17
YDR290W,,,dma5265,14,14,18
YLR308W,CDA2,,dma5362,14,14,19
YFL063W,,,dma5266,14,14,20
YOL086C,ADH1,,dma5363,14,14,21
YFL033C,RIM15,,dma5267,14,14,22
YDR461W,MFA1,,dma5364,14,14,23
YOR202W,HIS3,,dma1,14,14,24
YOR202W,HIS3,,dma1,14,15,1
YPR095C,SYT1,,dma5077,14,15,2
YOR202W,HIS3,,dma1,14,15,3
YPR093C,ASR1,,dma5078,14,15,4
YOR202W,HIS3,,dma1,14,15,5
YPR092W,,,dma5079,14,15,6
YOR202W,HIS3,,dma1,14,15,7
YPR090W,,,dma5080,14,15,8
YNR041C,COQ2,,dma5177,14,15,9
YPR089W,,,dma5081,14,15,10
YJR034W,PET191,,dma5178,14,15,11
YPR084W,,,dma5082,14,15,12
YJL120W,,,dma5179,14,15,13
YPR079W,MRL1,,dma5083,14,15,14
YJL119C,,,dma5180,14,15,15
YPR078C,,,dma5084,14,15,16
YJL117W,PHO86,,dma5181,14,15,17
YPR077C,,,dma5085,14,15,18
YJL107C,,,dma5182,14,15,19
YPR076W,,,dma5086,14,15,20
YJL106W,IME2,,dma5183,14,15,21
YPR075C,OPY2,,dma5087,14,15,22
YJL092W,SRS2,,dma5184,14,15,23
YOR202W,HIS3,,dma1,14,15,24
YOR202W,HIS3,,dma1,14,16,1
YOR202W,HIS3,,dma1,14,16,2
YOR202W,HIS3,,dma1,14,16,3
YOR202W,HIS3,,dma1,14,16,4
YOR202W,HIS3,,dma1,14,16,5
YOR202W,HIS3,,dma1,14,16,6
YOR202W,HIS3,,dma1,14,16,7
YOR202W,HIS3,,dma1,14,16,8
YOR202W,HIS3,,dma1,14,16,9
YOR202W,HIS3,,dma1,14,16,10
YOR202W,HIS3,,dma1,14,16,11
YOR202W,HIS3,,dma1,14,16,12
YOR202W,HIS3,,dma1,14,16,13
YOR202W,HIS3,,dma1,14,16,14
YOR202W,HIS3,,dma1,14,16,15
YOR202W,HIS3,,dma1,14,16,16
YOR202W,HIS3,,dma1,14,16,17
YOR202W,HIS3,,dma1,14,16,18
YOR202W,HIS3,,dma1,14,16,19
YOR202W,HIS3,,dma1,14,16,20
YOR202W,HIS3,,dma1,14,16,21
YOR202W,HIS3,,dma1,14,16,22
YOR202W,HIS3,,dma1,14,16,23
YOR202W,HIS3,,dma1,14,16,24
